id,items,amount
1,12071|0|0|0,1|0|0|0
2,12072|0|0|0,1|0|0|0
3,12073|0|0|0,1|0|0|0
4,12074|0|0|0,1|0|0|0
5,12075|0|0|0,1|0|0|0
6,12076|0|0|0,1|0|0|0
7,12077|0|0|0,1|0|0|0
8,12078|0|0|0,1|0|0|0
9,12079|0|0|0,1|0|0|0
10,12080|0|0|0,1|0|0|0
11,12081|0|0|0,1|0|0|0
12,12082|0|0|0,1|0|0|0
13,12083|0|0|0,1|0|0|0
14,12084|0|0|0,1|0|0|0
15,12085|0|0|0,1|0|0|0
16,12086|0|0|0,1|0|0|0
17,12087|0|0|0,1|0|0|0
18,12088|0|0|0,1|0|0|0
19,12089|0|0|0,1|0|0|0
20,12090|0|0|0,1|0|0|0
23,12449|0|0|0,1|0|0|0
24,12448|0|0|0,1|0|0|0
27,12392|0|0|0,5|0|0|0
28,12393|0|0|0,5|0|0|0
29,12394|0|0|0,5|0|0|0
31,12501|0|0|0,1|0|0|0
32,12502|0|0|0,1|0|0|0
36,12371|0|0|0,1|0|0|0
37,12372|0|0|0,1|0|0|0
38,12373|0|0|0,1|0|0|0
39,12374|0|0|0,1|0|0|0
40,12375|0|0|0,1|0|0|0
41,12376|0|0|0,1|0|0|0
42,12377|0|0|0,1|0|0|0
43,12378|0|0|0,1|0|0|0
44,12379|0|0|0,1|0|0|0
45,12380|0|0|0,1|0|0|0
49,12051|0|2|12095,5|12177|0|2
50,12052|0|3|12178,7|12091|0|2
51,12053|0|3|12181,7|12091|0|2
52,12007|0|3|12186,6|12092|0|3
53,12054|0|3|12095,8|12185|0|2
54,12055|0|3|12095,8|12091|0|2
55,12035|0|2|12097,10|12094|0|2
56,12119|0|2|12097,6|12095|0|2
57,12033|0|3|12097,10|12092|0|3
58,12005|0|2|12095,8|12102|0|2
59,12013|0|3|12194,8|12118|0|2
60,12118|0|2|12097,6|12095|0|2
64,12032|0|2|12173,6|12121|0|2
65,12033|0|2|12173,8|12121|0|2
66,12034|0|2|12173,10|12121|0|2
67,12034|0|2|12091,8|12121|0|1
68,12035|0|2|12091,9|12122|0|2
69,12045|0|2|12095,10|12123|0|1
76,12031|0|2|12173,5|12094|0|2
77,12032|0|2|12173,5|12094|0|2
78,12054|0|3|12185,10|12095|0|4
96,12106|0|6|12115,20|12108|0|4
97,12107|0|14|12115,30|12108|0|14
98,12108|0|20|12115,25|12105|0|14
99,12108|0|20|12115,25|12107|0|14
100,12002|0|1|0,7|12041|0|0
102,12005|0|1|12110,8|12042|0|1
104,12006|0|2|12111,9|12043|0|1
106,12008|0|2|12112,9|12044|0|1
107,12009|0|2|12112,9|12045|0|1
108,12010|0|3|12112,9|12045|0|1
109,12012|0|3|12113,9|12046|0|1
110,12013|0|3|12113,9|12046|0|1
112,12015|0|3|12114,11|12048|0|2
113,12016|0|3|12114,11|12048|0|2
114,12017|0|4|12114,11|12049|0|2
115,12018|0|4|12115,10|12049|0|2
116,12019|0|4|12115,10|12050|0|2
117,12020|0|5|12115,12|12050|0|3
118,12051|0|1|0,12|12041|0|0
120,12052|0|1|12110,15|12042|0|1
122,12053|0|2|12111,19|12043|0|1
124,12054|0|3|12112,24|12044|0|2
125,12055|0|4|12112,26|12045|0|2
126,12055|0|4|12112,29|12045|0|3
127,12056|0|5|12113,31|12046|0|3
128,12056|0|6|12113,33|12046|0|4
130,12058|0|8|12114,33|12048|0|6
131,12058|0|8|12114,31|12048|0|7
132,12059|0|9|12114,32|12049|0|8
133,12059|0|10|12115,32|12049|0|9
134,12060|0|10|12115,31|12050|0|10
135,12060|0|12|12115,38|12050|0|12
136,12041|0|1|0,8|12051|0|0
138,12042|0|2|12110,12|12052|0|1
140,12043|0|3|12111,14|12053|0|1
142,12044|0|4|12112,17|12054|0|2
143,12045|0|5|12112,19|12055|0|2
144,12045|0|7|12112,21|12055|0|3
145,12046|0|8|12113,22|12056|0|3
146,12046|0|9|12113,24|12056|0|4
148,12048|0|11|12114,24|12058|0|6
149,12048|0|12|12114,24|12058|0|7
150,12049|0|13|12114,24|12059|0|8
151,12049|0|14|12115,23|12059|0|9
152,12050|0|15|12115,23|12060|0|11
153,12050|0|18|12115,28|12060|0|14
154,12041|0|1|0,9|12051|0|0
156,12042|0|2|12110,13|12052|0|1
158,12043|0|3|12111,15|12053|0|1
160,12044|0|5|12112,19|12054|0|2
161,12045|0|6|12112,21|12055|0|3
162,12045|0|7|12112,23|12055|0|3
163,12046|0|9|12113,25|12056|0|4
164,12046|0|10|12113,26|12056|0|5
166,12048|0|12|12114,27|12058|0|6
167,12048|0|13|12114,26|12058|0|8
168,12049|0|15|12114,26|12059|0|9
169,12049|0|16|12115,25|12059|0|10
170,12050|0|17|12115,25|12060|0|12
171,12050|0|21|12115,30|12060|0|15
172,12051|0|1|0,2|12041|0|0
173,12052|0|1|12110,2|12042|0|1
174,12052|0|1|12110,3|12042|0|1
175,12053|0|1|12111,3|12043|0|1
176,12053|0|1|12111,4|12043|0|1
177,12054|0|1|12111,4|12044|0|1
178,12054|0|1|12112,5|12044|0|1
179,12055|0|2|12112,5|12045|0|1
180,12055|0|2|12112,6|12045|0|1
181,12056|0|3|12113,7|12046|0|1
182,12056|0|3|12113,8|12046|0|2
183,12057|0|4|12113,9|12047|0|2
184,12058|0|4|12114,9|12048|0|2
185,12058|0|5|12114,10|12048|0|3
186,12059|0|6|12114,11|12049|0|4
187,12059|0|7|12115,11|12049|0|5
189,12009|0|2|12113,11|12026|0|3
196,12106|0|8|12115,25|12108|0|6
197,12107|0|16|12115,35|12108|0|16
198,12108|0|22|12115,30|12105|0|16
199,12108|0|22|12115,30|12107|0|16
200,12002|0|2|0,17|12041|0|0
201,12003|0|2|12110,19|12042|0|1
202,12005|0|2|12110,20|12042|0|1
203,12005|0|3|12111,21|12043|0|1
204,12006|0|3|12111,22|12043|0|1
205,12007|0|3|12111,22|12044|0|1
206,12008|0|4|12112,22|12044|0|1
207,12009|0|5|12112,22|12045|0|2
208,12010|0|5|12112,21|12045|0|2
209,12012|0|6|12113,22|12046|0|2
210,12013|0|6|12113,23|12046|0|2
211,12014|0|6|12113,26|12047|0|3
212,12015|0|7|12114,28|12048|0|3
213,12016|0|7|12114,28|12048|0|3
214,12017|0|7|12114,27|12049|0|3
215,12018|0|8|12115,26|12049|0|3
216,12019|0|8|12115,25|12050|0|4
217,12020|0|10|12115,28|12050|0|5
218,12051|0|1|0,29|12041|0|0
219,12052|0|2|12110,32|12042|0|1
220,12052|0|3|12110,37|12042|0|1
221,12053|0|3|12111,41|12043|0|1
222,12053|0|4|12111,47|12043|0|2
223,12054|0|5|12111,54|12044|0|2
224,12054|0|6|12112,62|12044|0|3
225,12055|0|7|12112,69|12045|0|3
226,12055|0|9|12112,77|12045|0|4
227,12056|0|11|12113,83|12046|0|5
228,12056|0|13|12113,90|12046|0|6
229,12057|0|14|12113,90|12047|0|7
230,12058|0|16|12114,92|12048|0|8
231,12058|0|17|12114,89|12048|0|10
232,12059|0|19|12114,93|12049|0|11
233,12059|0|20|12115,92|12049|0|12
234,12060|0|21|12115,91|12050|0|14
235,12060|0|23|12115,95|12050|0|16
236,12041|0|2|0,20|12051|0|0
237,12042|0|3|12110,24|12052|0|1
238,12042|0|3|12110,28|12052|0|1
239,12043|0|4|12111,31|12053|0|1
240,12043|0|6|12111,35|12053|0|2
241,12044|0|7|12111,39|12054|0|2
242,12044|0|9|12112,45|12054|0|3
243,12045|0|11|12112,49|12055|0|4
244,12045|0|14|12112,55|12055|0|4
245,12046|0|16|12113,60|12056|0|5
246,12046|0|19|12113,65|12056|0|6
247,12047|0|21|12113,66|12057|0|7
248,12048|0|23|12114,68|12058|0|8
249,12048|0|25|12114,68|12058|0|10
250,12049|0|28|12114,68|12059|0|11
251,12049|0|30|12115,67|12059|0|12
252,12050|0|32|12115,67|12060|0|15
253,12050|0|33|12115,70|12060|0|17
254,12041|0|2|0,23|12051|0|0
255,12042|0|3|12110,26|12052|0|1
256,12042|0|4|12110,31|12052|0|1
257,12043|0|5|12111,34|12053|0|1
258,12043|0|6|12111,38|12053|0|2
259,12044|0|8|12111,43|12054|0|2
260,12044|0|10|12112,49|12054|0|3
261,12045|0|12|12112,54|12055|0|4
262,12045|0|15|12112,60|12055|0|5
263,12046|0|18|12113,66|12056|0|5
264,12046|0|21|12113,71|12056|0|7
265,12047|0|23|12113,73|12057|0|8
266,12048|0|26|12114,75|12058|0|9
267,12048|0|27|12114,75|12058|0|11
268,12049|0|31|12114,75|12059|0|12
269,12049|0|33|12115,74|12059|0|14
270,12050|0|35|12115,74|12060|0|16
271,12050|0|36|12115,78|12060|0|19
272,12051|0|1|0,4|12041|0|0
273,12052|0|1|12110,5|12042|0|1
274,12052|0|1|12110,6|12042|0|1
275,12053|0|1|12111,7|12043|0|1
276,12053|0|2|12111,8|12043|0|1
277,12054|0|2|12111,10|12044|0|1
278,12054|0|3|12112,12|12044|0|1
279,12055|0|3|12112,13|12045|0|1
280,12055|0|4|12112,16|12045|0|2
281,12056|0|5|12113,18|12046|0|2
282,12056|0|7|12113,21|12046|0|2
283,12057|0|8|12113,23|12047|0|3
284,12058|0|9|12114,25|12048|0|3
285,12058|0|10|12114,28|12048|0|4
286,12059|0|12|12114,30|12049|0|5
287,12059|0|15|12115,33|12049|0|6
296,12106|0|3|12115,10|12108|0|2
297,12107|0|7|12115,15|12108|0|7
298,12108|0|10|12115,12|12105|0|7
299,12108|0|10|12115,12|12107|0|7
300,12002|0|1|0,5|12041|0|0
301,12003|0|1|12110,6|12042|0|1
302,12005|0|1|12110,6|12042|0|1
303,12005|0|1|12111,7|12043|0|1
304,12006|0|1|12111,7|12043|0|1
305,12007|0|1|12111,7|12044|0|1
306,12008|0|1|12112,7|12044|0|1
307,12009|0|1|12112,7|12045|0|1
308,12010|0|2|12112,7|12045|0|1
309,12012|0|2|12113,7|12046|0|1
310,12013|0|2|12113,7|12046|0|1
311,12014|0|2|12113,8|12047|0|1
312,12015|0|2|12114,9|12048|0|1
313,12016|0|2|12114,9|12048|0|1
314,12017|0|2|12114,8|12049|0|1
315,12018|0|2|12115,8|12049|0|1
316,12019|0|2|12115,8|12050|0|2
317,12020|0|3|12115,10|12050|0|3
318,12051|0|1|0,9|12041|0|0
319,12052|0|1|12110,10|12042|0|1
320,12052|0|1|12110,11|12042|0|1
321,12053|0|1|12111,13|12043|0|1
322,12053|0|1|12111,15|12043|0|1
323,12054|0|1|12111,17|12044|0|1
324,12054|0|2|12112,20|12044|0|1
325,12055|0|2|12112,23|12045|0|1
326,12055|0|2|12112,25|12045|0|1
327,12056|0|3|12113,28|12046|0|1
328,12056|0|3|12113,30|12046|0|2
329,12057|0|3|12113,31|12047|0|2
330,12058|0|3|12114,32|12048|0|2
331,12058|0|4|12114,31|12048|0|2
332,12059|0|4|12114,33|12049|0|2
333,12059|0|4|12115,33|12049|0|3
334,12060|0|4|12115,34|12050|0|3
335,12060|0|5|12115,36|12050|0|4
336,12041|0|1|0,6|12051|0|0
337,12042|0|1|12110,8|12052|0|1
338,12042|0|1|12110,9|12052|0|1
339,12043|0|1|12111,10|12053|0|1
340,12043|0|2|12111,11|12053|0|1
341,12044|0|2|12111,13|12054|0|1
342,12044|0|2|12112,14|12054|0|1
343,12045|0|3|12112,16|12055|0|1
344,12045|0|3|12112,18|12055|0|1
345,12046|0|4|12113,20|12056|0|1
346,12046|0|4|12113,22|12056|0|2
347,12047|0|5|12113,23|12057|0|2
348,12048|0|5|12114,24|12058|0|2
349,12048|0|5|12114,24|12058|0|2
350,12049|0|6|12114,24|12059|0|3
351,12049|0|6|12115,24|12059|0|3
352,12050|0|6|12115,25|12060|0|3
353,12050|0|7|12115,26|12060|0|4
354,12041|0|1|0,7|12051|0|0
355,12042|0|1|12110,8|12052|0|1
356,12042|0|1|12110,10|12052|0|1
357,12043|0|2|12111,11|12053|0|1
358,12043|0|2|12111,12|12053|0|1
359,12044|0|2|12111,14|12054|0|1
360,12044|0|3|12112,16|12054|0|1
361,12045|0|3|12112,18|12055|0|1
362,12045|0|4|12112,20|12055|0|1
363,12046|0|4|12113,22|12056|0|1
364,12046|0|5|12113,24|12056|0|2
365,12047|0|5|12113,25|12057|0|2
366,12048|0|5|12114,26|12058|0|2
367,12048|0|6|12114,26|12058|0|3
368,12049|0|6|12114,27|12059|0|3
369,12049|0|7|12115,27|12059|0|3
370,12050|0|7|12115,27|12060|0|3
371,12050|0|8|12115,28|12060|0|4
372,12051|0|1|0,2|12041|0|0
373,12051|0|1|12110,2|12041|0|1
374,12051|0|1|12110,3|12041|0|1
375,12051|0|1|12110,3|12041|0|1
376,12051|0|1|12110,4|12041|0|1
377,12052|0|1|12110,3|12042|0|1
378,12052|0|1|12110,4|12042|0|1
379,12053|0|1|12110,5|12043|0|1
380,12053|0|1|12110,6|12043|0|1
381,12054|0|1|12110,7|12044|0|1
382,12054|0|1|12110,8|12044|0|1
383,12054|0|1|12111,9|12044|0|1
384,12055|0|1|12111,10|12045|0|1
385,12056|0|1|12111,11|12046|0|1
386,12057|0|1|12111,12|12047|0|1
387,12058|0|2|12111,13|12048|0|1
396,12106|0|4|12115,20|12108|0|8
397,12107|0|12|12115,30|12108|0|7
398,12108|0|18|12115,25|12105|0|10
399,12108|0|18|12115,25|12107|0|10
400,12002|0|1|0,5|12041|0|0
401,12003|0|1|12110,6|12042|0|1
402,12005|0|1|12110,6|12042|0|1
403,12005|0|1|12111,7|12043|0|1
404,12006|0|1|12111,7|12043|0|1
405,12007|0|1|12111,7|12044|0|1
406,12008|0|2|12112,7|12044|0|1
407,12009|0|2|12112,7|12045|0|1
408,12010|0|2|12112,7|12045|0|1
409,12011|0|2|12113,7|12046|0|1
410,12013|0|2|12113,7|12046|0|1
411,12014|0|2|12113,8|12047|0|1
412,12015|0|2|12114,9|12048|0|1
413,12016|0|2|12114,9|12048|0|1
414,12017|0|2|12114,9|12049|0|2
415,12018|0|2|12115,8|12049|0|2
416,12019|0|2|12115,8|12050|0|2
417,12020|0|3|12115,10|12050|0|3
418,12051|0|1|0,9|12041|0|0
419,12052|0|1|12110,10|12042|0|1
420,12052|0|1|12110,12|12042|0|1
421,12053|0|1|12111,13|12043|0|1
422,12053|0|1|12111,15|12043|0|1
423,12054|0|1|12111,18|12044|0|1
424,12054|0|2|12112,20|12044|0|1
425,12055|0|2|12112,23|12045|0|1
426,12055|0|2|12112,26|12045|0|1
427,12056|0|2|12113,28|12046|0|1
428,12056|0|2|12113,31|12046|0|2
429,12057|0|2|12113,32|12047|0|2
430,12058|0|3|12114,33|12048|0|2
431,12058|0|3|12114,32|12048|0|2
432,12059|0|3|12114,34|12049|0|2
433,12059|0|3|12115,34|12049|0|3
434,12060|0|3|12115,35|12050|0|3
435,12060|0|4|12115,37|12050|0|4
436,12041|0|1|0,6|12051|0|0
437,12042|0|1|12110,8|12052|0|1
438,12042|0|1|12110,9|12052|0|1
439,12043|0|1|12111,10|12053|0|1
440,12043|0|2|12111,11|12053|0|1
441,12044|0|2|12111,13|12054|0|1
442,12044|0|2|12112,15|12054|0|1
443,12045|0|2|12112,16|12055|0|1
444,12045|0|3|12112,18|12055|0|1
445,12046|0|3|12113,20|12056|0|1
446,12046|0|3|12113,22|12056|0|2
447,12047|0|4|12113,23|12057|0|2
448,12048|0|4|12114,24|12058|0|2
449,12048|0|4|12114,25|12058|0|2
450,12049|0|4|12114,25|12059|0|3
451,12049|0|4|12115,25|12059|0|3
452,12050|0|5|12115,25|12060|0|3
453,12050|0|6|12115,26|12060|0|4
454,12041|0|1|0,7|12051|0|0
455,12042|0|1|12110,8|12052|0|1
456,12042|0|1|12110,10|12052|0|1
457,12043|0|1|12111,11|12053|0|1
458,12043|0|2|12111,12|12053|0|1
459,12044|0|2|12111,14|12054|0|1
460,12044|0|2|12112,16|12054|0|1
461,12045|0|3|12112,18|12055|0|1
462,12045|0|3|12112,20|12055|0|1
463,12046|0|3|12113,22|12056|0|1
464,12046|0|4|12113,25|12056|0|2
465,12047|0|4|12113,25|12057|0|2
466,12048|0|4|12114,27|12058|0|2
467,12048|0|4|12114,27|12058|0|3
468,12049|0|5|12114,28|12059|0|3
469,12049|0|5|12115,28|12059|0|3
470,12050|0|5|12115,28|12060|0|3
471,12050|0|6|12115,29|12060|0|4
472,12051|0|1|0,2|12041|0|0
473,12052|0|1|12110,2|12042|0|1
474,12052|0|1|12110,2|12042|0|1
475,12053|0|1|12111,3|12043|0|1
476,12053|0|1|12111,3|12043|0|1
477,12054|0|1|12111,4|12044|0|1
478,12054|0|1|12112,4|12044|0|1
479,12055|0|1|12112,5|12045|0|1
480,12055|0|1|12112,6|12045|0|1
481,12056|0|1|12113,7|12046|0|1
482,12056|0|1|12113,8|12046|0|1
483,12057|0|1|12113,9|12047|0|1
484,12058|0|1|12114,10|12048|0|1
485,12058|0|1|12114,11|12048|0|1
486,12059|0|2|12114,12|12049|0|1
487,12059|0|2|12115,13|12049|0|1
499,12003|0|6|12032,14|12042|0|6
500,12004|0|6|12032,28|12043|0|7
501,12005|0|6|12101,29|12044|0|6
502,12006|0|7|12101,31|12045|0|6
503,12007|0|7|12102,33|12046|0|7
504,12008|0|7|12188,35|12047|0|7
505,12009|0|8|12195,38|12048|0|7
506,12010|0|8|12200,41|12049|0|8
507,12010|0|9|12101,46|12050|0|8
508,12013|0|9|12121,49|12046|0|9
509,12009|0|10|12124,52|12045|0|9
510,12036|0|10|12094,55|12045|0|10
511,12014|0|11|12097,58|12037|0|10
512,12017|0|11|12114,61|12049|0|11
513,12017|0|12|12114,64|12049|0|11
514,12038|0|12|12129,67|12049|0|12
515,12030|0|13|12293,70|12040|0|12
520,12041|0|8|12110,19|12051|0|6
521,12042|0|8|12110,20|12032|0|7
522,12042|0|9|12110,22|12052|0|6
523,12043|0|8|12185,20|12053|0|3
524,12044|0|9|12186,21|12054|0|3
525,12044|0|10|12187,22|12054|0|3
526,12045|0|10|12194,24|12055|0|5
530,12177|0|3|12111,11|12095|0|5
531,12197|0|6|12111,10|12177|0|5
532,12177|0|6|12095,19|12181|0|7
533,12198|0|6|12097,18|12095|0|6
534,12199|0|6|12097,18|12095|0|6
535,12196|0|6|12097,16|12095|0|8
536,6224|0|5|12097,1|12095|0|8
537,6225|0|5|12097,1|12095|0|8
538,12200|0|5|12095,10|10012|0|9
539,12200|0|5|12095,10|10031|0|9
540,12200|0|4|12095,13|12192|0|10
541,12194|0|7|12097,13|12095|0|7
542,12265|0|7|12097,14|12095|0|7
543,12198|0|8|12097,14|12095|0|8
544,12199|0|8|12097,15|12095|0|8
545,12280|0|9|12097,15|12095|0|9
546,12050|0|9|12282,16|12060|0|9
547,12280|0|10|12119,16|12091|0|10
553,12045|0|11|12128,25|12035|0|5
554,12046|0|11|12128,25|12036|0|5
555,12194|0|12|12115,26|12038|0|6
556,12036|0|12|12115,26|12095|0|6
557,12048|0|13|12114,27|12037|0|7
558,12049|0|13|12114,27|12038|0|7
559,12039|0|14|12161,28|12162|0|8
565,12001|0|4|0,10|12002|0|0
566,12001|0|5|0,14|12002|0|0
567,12002|0|5|0,16|12003|0|0
568,12003|0|5|12042,17|12004|0|1
569,12004|0|6|12043,18|12005|0|1
570,12005|0|6|12043,19|12006|0|1
571,12006|0|6|12044,20|12007|0|1
572,12007|0|8|12044,26|12008|0|1
573,12008|0|7|12044,26|12009|0|1
574,12009|0|7|12045,26|12010|0|1
575,12010|0|7|12045,26|12194|0|2
576,12010|0|9|12045,32|12124|0|2
577,12011|0|8|12046,33|12012|0|2
578,12012|0|9|12046,35|12013|0|3
579,12012|0|11|12046,42|12125|0|3
580,12013|0|11|12047,46|12014|0|4
581,12014|0|11|12047,50|12015|0|4
582,12015|0|11|12048,50|12016|0|4
583,12017|0|8|12049,38|12018|0|6
584,12019|0|6|12050,31|12020|0|8
585,12001|0|9|12041,26|12002|0|1
586,12002|0|9|12042,31|12003|0|1
587,12003|0|10|12042,33|12004|0|1
588,12004|0|10|12043,34|12005|0|1
589,12005|0|11|12043,37|12006|0|1
590,12006|0|11|12044,38|12007|0|1
591,12006|0|14|12044,50|12007|0|2
592,12007|0|14|12044,50|12008|0|2
593,12008|0|13|12045,50|12009|0|2
594,12009|0|13|12045,49|12010|0|3
595,12009|0|16|12045,61|12010|0|3
596,12010|0|15|12046,63|12012|0|4
597,12011|0|17|12046,67|12013|0|5
598,12011|0|20|12046,81|12013|0|6
599,12012|0|21|12047,88|12014|0|6
600,12013|0|21|12047,95|12015|0|7
601,12014|0|20|12048,95|12016|0|8
602,12016|0|15|12049,72|12018|0|11
603,12018|0|12|12050,58|12020|0|15
615,12001|0|4|0,12|12041|0|0
616,12001|0|6|0,16|12041|0|0
617,12002|0|7|0,19|12042|0|0
618,12003|0|8|12022,20|12042|0|1
619,12004|0|9|12023,20|12043|0|1
620,12005|0|10|12023,21|12043|0|1
621,12006|0|11|12194,22|12044|0|1
622,12007|0|13|12024,22|12044|0|2
623,12007|0|16|12024,28|12044|0|2
624,12008|0|18|12025,28|12045|0|2
625,12009|0|19|12026,27|12046|0|3
626,12009|0|24|12026,33|12046|0|3
627,12010|0|25|12026,34|12046|0|4
628,12011|0|27|12027,36|12047|0|4
629,12011|0|32|12027,42|12047|0|5
630,12012|0|32|12027,45|12047|0|5
631,12013|0|32|12028,48|12048|0|6
632,12014|0|31|12028,48|12048|0|6
633,12016|0|26|12030,36|12050|0|9
634,12018|0|21|12030,29|12050|0|12
636,12001|0|3|0,8|12002|0|0
637,12001|0|4|0,12|12002|0|0
638,12002|0|4|0,14|12003|0|0
639,12003|0|4|12032,14|12004|0|1
640,12004|0|5|12033,15|12005|0|1
641,12005|0|5|12033,16|12006|0|1
642,12006|0|5|12034,16|12007|0|1
643,12007|0|5|12034,16|12008|0|1
644,12007|0|6|12034,20|12008|0|1
645,12008|0|6|12035,20|12009|0|1
646,12009|0|5|12035,20|12194|0|1
647,12009|0|7|12035,24|12124|0|2
648,12010|0|6|12036,24|12012|0|2
649,12011|0|7|12036,26|12013|0|2
650,12011|0|8|12036,30|12013|0|2
651,12012|0|8|12037,33|12017|0|3
652,12013|0|8|12037,35|12015|0|3
653,12014|0|7|12038,34|12016|0|3
654,12015|0|7|12038,33|12017|0|3
655,12016|0|6|12039,29|12018|0|4
656,12018|0|5|12040,23|12020|0|6
658,12001|0|5|0,15|12031|0|0
659,12002|0|5|0,18|12032|0|0
660,12002|0|7|0,24|12032|0|0
661,12003|0|8|12042,26|12032|0|1
662,12004|0|8|12043,26|12033|0|1
663,12005|0|8|12043,28|12033|0|1
664,12006|0|8|12044,29|12034|0|1
665,12007|0|8|12044,29|12034|0|1
666,12007|0|10|12044,37|12034|0|2
667,12008|0|10|12045,36|12035|0|2
668,12009|0|9|12045,35|12035|0|2
669,12010|0|9|12046,36|12036|0|3
670,12010|0|11|12046,44|12036|0|3
671,12011|0|12|12046,46|12036|0|3
672,12012|0|12|12047,51|12037|0|4
673,12012|0|15|12047,59|12037|0|4
674,12013|0|14|12047,63|12037|0|5
675,12014|0|13|12048,63|12038|0|5
676,12014|0|15|12048,71|12038|0|6
677,12016|0|11|12049,52|12039|0|8
678,12018|0|8|12050,41|12040|0|11
680,12031|0|5|12110,13|12002|0|1
681,12031|0|6|12110,18|12002|0|1
682,12031|0|6|12110,21|12003|0|1
683,12032|0|7|12110,22|12004|0|1
684,12032|0|7|12111,22|12005|0|1
685,12033|0|7|12111,24|12006|0|1
686,12033|0|7|12111,24|12007|0|1
687,12033|0|9|12111,31|12007|0|1
688,12034|0|9|12112,31|12015|0|1
689,12034|0|8|12112,31|12009|0|1
690,12035|0|8|12112,30|12010|0|1
691,12035|0|10|12112,37|12010|0|1
692,12035|0|9|12113,37|12012|0|1
693,12036|0|10|12113,39|12013|0|1
694,12036|0|12|12113,47|12013|0|1
695,12036|0|12|12113,50|12014|0|2
696,12037|0|12|12113,53|12015|0|2
697,12037|0|11|12114,53|12016|0|2
698,12038|0|9|12114,40|12018|0|2
699,12039|0|7|12115,32|12020|0|3
710,12031|0|12|12110,55|12003|0|1
711,12032|0|15|12110,57|12004|0|3
712,12032|0|18|12111,61|12005|0|3
713,12033|0|21|12111,69|12006|0|3
714,12033|0|23|12111,74|12007|0|4
715,12034|0|24|12112,78|12008|0|4
716,12034|0|26|12112,79|12009|0|4
717,12035|0|27|12112,79|12010|0|4
718,12035|0|33|12112,96|12010|0|4
719,12035|0|33|12113,93|12012|0|4
720,12036|0|36|12113,81|12013|0|5
721,12036|0|39|12113,90|12013|0|5
722,12036|0|40|12113,80|12014|0|5
723,12037|0|39|12113,71|12015|0|5
724,12037|0|37|12114,63|12016|0|5
725,12038|0|33|12114,56|12017|0|5
726,12038|0|33|12114,49|12018|0|4
727,12039|0|32|12115,44|12019|0|4
728,12039|0|24|12115,79|12020|0|5
729,12040|0|25|12115,50|12020|0|7
730,12001|0|6|0,16|12002|0|0
731,12001|0|8|0,22|12002|0|0
732,12002|0|8|0,26|12003|0|0
733,12003|0|8|12022,27|12004|0|3
734,12004|0|9|12023,28|12005|0|3
735,12005|0|9|12023,30|12006|0|4
736,12006|0|9|12024,31|12007|0|4
737,12006|0|11|12024,40|12007|0|5
738,12007|0|11|12024,39|12008|0|6
739,12008|0|10|12025,39|12009|0|7
740,12009|0|10|12026,38|12010|0|9
741,12009|0|12|12026,47|12010|0|11
742,12010|0|12|12026,47|12012|0|12
743,12011|0|13|12027,50|12013|0|14
744,12011|0|15|12027,59|12013|0|16
745,12012|0|16|12027,63|12014|0|17
746,12013|0|15|12028,68|12015|0|18
747,12014|0|14|12028,67|12016|0|18
748,12016|0|11|12030,50|12018|0|17
749,12018|0|8|12030,40|12020|0|16
760,12001|0|37|0,64|12032|0|0
761,12002|0|24|0,74|12003|0|0
762,12003|0|27|12022,72|12004|0|2
763,12004|0|30|12023,69|12005|0|2
764,12005|0|33|12023,71|12006|0|2
765,12006|0|34|12024,70|12007|0|3
766,12007|0|35|12024,68|12015|0|3
767,12007|0|44|12024,85|12008|0|3
768,12008|0|44|12025,80|12009|0|3
769,12009|0|44|12026,74|12010|0|3
770,12009|0|53|12026,89|12010|0|4
771,12010|0|52|12026,83|12012|0|4
772,12011|0|56|12027,82|12013|0|4
773,12011|0|64|12027,93|12013|0|4
774,12012|0|68|12027,92|12014|0|5
775,12013|0|67|12028,90|12015|0|5
776,12014|0|62|12028,81|12016|0|4
777,12016|0|49|12030,54|12018|0|4
778,12018|0|39|12030,39|12020|0|3
781,12031|0|6|0,26|12002|0|0
782,12031|0|7|0,36|12002|0|0
783,12031|0|8|0,40|12003|0|0
784,12032|0|9|12042,43|12004|0|2
785,12032|0|10|12043,47|12005|0|2
786,12033|0|11|12043,54|12006|0|2
787,12033|0|12|12044,60|12007|0|3
788,12033|0|15|12044,77|12007|0|3
789,12034|0|15|12044,84|12008|0|3
790,12034|0|16|12045,88|12009|0|3
791,12035|0|25|12045,61|12010|0|3
792,12035|0|31|12045,75|12010|0|4
793,12035|0|32|12046,73|12012|0|4
794,12036|0|35|12046,70|12013|0|5
795,12036|0|42|12046,83|12013|0|5
796,12036|0|46|12047,71|12014|0|6
797,12037|0|51|12047,59|12015|0|6
798,12037|0|52|12048,47|12016|0|6
799,12038|0|48|12048,41|12017|0|6
800,12038|0|44|12049,35|12018|0|6
801,12039|0|36|12050,21|12020|0|5
802,12031|0|5|0,23|12002|0|0
803,12031|0|6|0,31|12002|0|0
804,12031|0|7|0,34|12003|0|0
805,12032|0|8|12022,36|12004|0|2
806,12032|0|9|12023,40|12005|0|2
807,12033|0|9|12023,46|12006|0|2
808,12033|0|10|12024,51|12007|0|2
809,12034|0|10|12024,56|12008|0|2
810,12034|0|13|12024,71|12008|0|3
811,12034|0|13|12025,75|12009|0|3
812,12035|0|12|12026,87|12010|0|3
813,12035|0|27|12026,64|12010|0|4
814,12035|0|28|12026,63|12012|0|4
815,12036|0|30|12027,60|12013|0|4
816,12036|0|36|12027,71|12013|0|5
817,12036|0|39|12027,61|12014|0|5
818,12037|0|43|12028,50|12015|0|5
819,12038|0|30|12030,24|12018|0|4
820,12039|0|25|12030,15|12020|0|4
832,12001|0|4|0,12|12002|0|0
833,12001|0|6|0,16|12002|0|0
834,12002|0|6|0,19|12003|0|0
835,12003|0|7|12042,18|12004|0|2
836,12004|0|8|12043,17|12005|0|2
837,12005|0|8|12043,18|12006|0|3
838,12006|0|9|12044,18|12007|0|3
839,12006|0|11|12044,23|12007|0|4
840,12007|0|12|12044,22|12008|0|5
841,12008|0|12|12045,21|12009|0|6
842,12009|0|11|12045,22|12010|0|6
843,12009|0|13|12045,27|12010|0|8
844,12010|0|11|12046,28|12012|0|9
845,12011|0|11|12046,31|12013|0|10
846,12011|0|13|12046,37|12013|0|12
847,12012|0|12|12047,42|12014|0|12
848,12013|0|10|12047,46|12015|0|13
849,12014|0|7|12048,48|12016|0|13
850,12016|0|5|12049,38|12018|0|13
851,12018|0|3|12050,32|12020|0|12
853,8004|0|1|12002,1|8005|0|2
854,8005|0|1|12003,1|8033|0|2
855,8006|0|1|12004,1|8006|0|3
856,8036|0|1|12005,1|8036|0|3
857,8007|0|1|12006,1|8008|0|4
858,8009|0|1|12007,1|8010|0|5
859,8011|0|1|12008,1|8133|0|6
860,8012|0|1|12009,1|8136|0|7
861,8013|0|1|12010,1|8013|0|9
862,8014|0|1|12011,1|8015|0|12
863,8015|0|1|12011,1|8015|0|15
864,8017|0|1|12012,1|8017|0|13
865,8017|0|1|12013,1|8018|0|16
866,8016|0|1|12014,1|8019|0|21
867,8018|0|1|12014,1|8018|0|24
868,8020|0|1|12015,1|8020|0|30
869,8020|0|1|12016,1|8021|0|36
870,8022|0|1|12018,1|8022|0|42
871,8023|0|1|12020,1|8023|0|49
901,12106|0|8|12115,25|12108|0|6
902,12107|0|16|12115,15|12108|0|8
903,12108|0|15|12115,20|12105|0|8
904,12108|0|15|12115,20|12107|0|8
933,12002|0|2|0,3|12031|0|0
934,12002|0|2|0,5|12031|0|0
935,12003|0|2|0,5|12032|0|0
936,12004|0|2|12126,5|12032|0|1
937,12005|0|3|12126,5|12033|0|1
938,12006|0|3|12127,5|12033|0|1
939,12008|0|2|12127,5|12044|0|1
940,12009|0|3|12127,4|12044|0|1
941,12015|0|3|12127,2|12045|0|1
942,12011|0|3|12128,4|12045|0|1
943,12012|0|4|12128,4|12046|0|1
944,12013|0|5|12128,5|12046|0|4
945,12015|0|5|12128,5|12047|0|4
946,12016|0|6|12129,6|12048|0|5
947,12017|0|6|12129,6|12048|0|6
948,12019|0|6|12129,5|12049|0|6
949,12020|0|7|12130,6|12050|0|6
950,12020|0|8|12130,6|12050|0|9
951,12106|0|8|12130,7|12108|0|9
956,12051|0|4|0,26|12110|0|0
957,12052|0|4|0,23|12110|0|0
958,12053|0|4|0,23|12111|0|0
959,12054|0|4|0,23|12112|0|0
965,12031|0|3|0,12|12051|0|0
966,12031|0|3|0,15|12051|0|0
967,12032|0|3|0,14|12052|0|0
968,12032|0|4|12126,14|12002|0|1
969,12033|0|4|12126,15|12003|0|1
970,12033|0|4|12127,16|12053|0|1
971,12034|0|5|12127,17|12024|0|1
972,12034|0|5|12127,17|12024|0|1
973,12035|0|6|12127,18|12025|0|1
974,12035|0|6|12128,18|12025|0|1
975,12036|0|7|12128,19|12026|0|2
976,12036|0|7|12128,20|12026|0|4
977,12037|0|7|12128,20|12027|0|3
978,12037|0|2|12129,20|12007|0|5
979,12038|0|7|12129,20|12058|0|5
980,12038|0|8|12129,20|12058|0|4
981,12039|0|9|12129,21|12029|0|5
982,12039|0|9|12130,21|12029|0|5
983,12040|0|10|12130,21|12030|0|7
991,7251|0|16|12295,1|12291|0|3
992,7251|0|16|12296,1|12292|0|3
993,7251|0|16|12297,1|12293|0|3
994,7251|0|16|12298,1|12294|0|3
995,7251|0|68|12295,1|12291|0|15
996,7251|0|68|12296,1|12292|0|15
997,7251|0|68|12297,1|12293|0|15
998,7251|0|68|12298,1|12294|0|15
999,7251|0|2|0,1|12299|0|0
1000,7251|0|2|0,1|12289|0|0
1001,7251|0|2|0,1|12290|0|0
1021,7261|0|16|12295,1|12291|0|3
1022,7261|0|16|12296,1|12292|0|3
1023,7261|0|16|12297,1|12293|0|3
1024,7261|0|16|12298,1|12294|0|3
1025,7261|0|68|12295,1|12291|0|15
1026,7261|0|68|12296,1|12292|0|15
1027,7261|0|68|12297,1|12293|0|15
1028,7261|0|68|12298,1|12294|0|15
1029,7261|0|2|0,1|12299|0|0
1030,7261|0|2|0,1|12289|0|0
1031,7261|0|2|0,1|12290|0|0
1051,7271|0|16|12295,1|12291|0|3
1052,7271|0|16|12296,1|12292|0|3
1053,7271|0|16|12297,1|12293|0|3
1054,7271|0|16|12298,1|12294|0|3
1055,7271|0|68|12295,1|12291|0|15
1056,7271|0|68|12296,1|12292|0|15
1057,7271|0|68|12297,1|12293|0|15
1058,7271|0|68|12298,1|12294|0|15
1059,7271|0|2|0,1|12299|0|0
1060,7271|0|2|0,1|12289|0|0
1061,7271|0|2|0,1|12290|0|0
1092,0|0|30|12201,1|12011|0|15
1093,0|0|40|12201,1|12012|0|20
1094,0|0|50|12201,1|12013|0|25
1095,0|0|60|12205,1|12014|0|15
1096,0|0|70|12205,1|12015|0|20
1097,0|0|80|12205,1|12016|0|20
1098,0|0|80|12205,1|12016|0|20
1099,0|0|80|12205,1|12016|0|20
1100,0|0|80|12205,1|12017|0|30
1101,0|0|10|12201,1|12010|0|15
1102,0|0|40|12205,1|12014|0|25
1103,0|0|50|12205,1|12016|0|35
1111,0|0|20|12061,1|12034|0|5
1112,0|0|50|12061,1|12012|0|20
1113,0|0|60|12062,1|12014|0|30
1141,12605|0|70|12602,115|12609|0|15
1142,12606|0|100|12602,90|12609|0|35
1151,12608|0|40|12601,60|12610|0|10
1152,12608|0|55|12601,90|12610|0|15
1153,12608|0|70|12601,110|12610|0|20
1161,12605|0|40|12604,105|12608|0|10
1162,12606|0|60|12604,90|12608|0|15
1171,12606|0|20|12603,55|12610|0|10
1172,12606|0|30|12603,75|12610|0|15
1173,12606|0|30|12603,75|12610|0|15
1174,12606|0|30|12603,75|12610|0|15
1175,12606|0|30|12603,75|12610|0|15
1176,12606|0|25|12603,65|12610|0|15
1201,0|0|2|12162,6|12163|0|1
1202,0|0|2|0,8|11301|0|0
1203,0|0|2|0,12|11302|0|0
1204,0|0|1|11303,20|12155|0|2
1205,0|0|2|11304,28|12155|0|2
1206,0|0|3|11305,38|12155|0|2
1207,0|0|5|11306,56|12155|0|2
1211,0|0|3|0,6|12163|0|0
1212,0|0|2|0,8|11311|0|0
1213,0|0|2|0,12|11312|0|0
1214,0|0|1|11313,20|12155|0|2
1215,0|0|2|11314,28|12155|0|2
1216,0|0|3|11315,38|12155|0|2
1217,0|0|5|11316,56|12155|0|2
1221,0|0|3|0,6|12162|0|0
1222,0|0|2|0,8|11321|0|0
1223,0|0|2|0,12|11322|0|0
1224,0|0|1|11323,20|12153|0|2
1225,0|0|2|11324,28|12153|0|2
1226,0|0|3|11325,38|12153|0|2
1227,0|0|5|11326,56|12153|0|2
1231,0|0|1|12161,6|12163|0|1
1232,0|0|2|0,8|11331|0|0
1233,0|0|2|0,12|11332|0|0
1234,0|0|1|11333,20|12156|0|2
1235,0|0|2|11334,28|12156|0|2
1236,0|0|3|11335,38|12156|0|2
1237,0|0|5|11336,56|12156|0|2
1241,0|0|3|0,6|12161|0|0
1242,0|0|2|0,8|11341|0|0
1243,0|0|2|0,12|11342|0|0
1244,0|0|1|11343,20|12152|0|2
1245,0|0|2|11344,28|12152|0|2
1246,0|0|3|11345,38|12152|0|2
1247,0|0|5|11346,56|12152|0|2
1251,0|0|2|12164,6|12161|0|1
1252,0|0|2|0,8|11351|0|0
1253,0|0|2|0,12|11352|0|0
1254,0|0|2|11353,26|12152|0|2
1255,0|0|3|11354,35|12152|0|2
1256,0|0|4|11355,45|12152|0|2
1257,0|0|6|11356,64|12152|0|2
1261,0|0|3|0,6|12164|0|0
1262,0|0|2|0,8|11361|0|0
1263,0|0|2|0,12|11362|0|0
1264,0|0|2|11363,26|12157|0|2
1265,0|0|3|11364,35|12157|0|2
1266,0|0|4|11365,45|12157|0|2
1267,0|0|6|11366,64|12157|0|2
1271,0|0|2|12164,6|12163|0|1
1272,0|0|2|0,8|11371|0|0
1273,0|0|2|0,12|11372|0|0
1274,0|0|2|11373,26|12154|0|2
1275,0|0|3|11374,35|12154|0|2
1276,0|0|4|11375,45|12154|0|2
1277,0|0|6|11376,64|12154|0|2
1281,0|0|1|12164,4|12163|0|1
1282,0|0|2|0,8|11381|0|0
1283,0|0|2|0,12|11382|0|0
1284,0|0|1|11383,20|12156|0|2
1285,0|0|2|11384,28|12156|0|2
1286,0|0|3|11385,38|12156|0|2
1287,0|0|5|11386,56|12156|0|2
1291,0|0|1|12164,4|12162|0|1
1292,0|0|2|0,8|11391|0|0
1293,0|0|2|0,12|11392|0|0
1294,0|0|1|11393,20|12153|0|2
1295,0|0|2|11394,28|12153|0|2
1296,0|0|3|11395,38|12153|0|2
1297,0|0|5|11396,56|12153|0|2
1301,0|0|1|12161,6|12163|0|1
1302,0|0|2|0,8|11401|0|0
1303,0|0|2|0,12|11402|0|0
1304,0|0|1|11403,20|12156|0|2
1305,0|0|2|11404,28|12156|0|2
1306,0|0|3|11405,38|12156|0|2
1307,0|0|5|11406,56|12156|0|2
1311,0|0|2|12163,6|12164|0|1
1312,0|0|2|0,8|11411|0|0
1313,0|0|2|0,12|11412|0|0
1314,0|0|2|11413,26|12154|0|2
1315,0|0|3|11414,35|12154|0|2
1316,0|0|4|11415,45|12154|0|2
1317,0|0|6|11416,64|12154|0|2
1321,0|0|1|12164,4|12161|0|1
1322,0|0|2|0,8|11421|0|0
1323,0|0|2|0,12|11422|0|0
1324,0|0|1|11423,20|12152|0|2
1325,0|0|2|11424,28|12152|0|2
1326,0|0|3|11425,38|12152|0|2
1327,0|0|5|11426,56|12152|0|2
1331,0|0|1|12164,4|12163|0|1
1332,0|0|2|0,8|11431|0|0
1333,0|0|2|0,12|11432|0|0
1334,0|0|1|11433,20|12155|0|2
1335,0|0|2|11434,28|12155|0|2
1336,0|0|3|11435,38|12155|0|2
1337,0|0|5|11436,56|12155|0|2
1341,0|0|2|12164,6|12162|0|1
1342,0|0|2|0,8|11441|0|0
1343,0|0|2|0,12|11442|0|0
1344,0|0|2|11443,26|12153|0|2
1345,0|0|3|11444,35|12153|0|2
1346,0|0|4|11445,45|12153|0|2
1347,0|0|6|11446,64|12153|0|2
1351,0|0|1|12162,4|12161|0|1
1352,0|0|2|0,8|11451|0|0
1353,0|0|2|0,12|11452|0|0
1354,0|0|2|11453,26|12152|0|2
1355,0|0|3|11454,35|12152|0|2
1356,0|0|4|11455,45|12152|0|2
1357,0|0|6|11456,64|12152|0|2
1361,0|0|2|12161,6|12163|0|1
1362,0|0|2|0,8|11461|0|0
1363,0|0|2|0,12|11462|0|0
1364,0|0|2|11463,26|12155|0|2
1365,0|0|3|11464,35|12155|0|2
1366,0|0|4|11465,45|12155|0|2
1367,0|0|6|11466,64|12155|0|2
1371,0|0|3|12162,10|12163|0|1
1372,0|0|2|0,8|11471|0|0
1373,0|0|2|0,12|11472|0|0
1374,0|0|1|12151,26|12157|0|1
1375,0|0|2|12151,42|12157|0|2
1376,0|0|3|12151,60|12157|0|3
1377,0|0|4|12151,80|12157|0|4
1381,0|0|2|12164,10|12161|0|2
1382,0|0|2|0,8|11481|0|0
1383,0|0|2|0,12|11482|0|0
1384,0|0|1|12151,26|12157|0|1
1385,0|0|2|12151,42|12157|0|2
1386,0|0|3|12151,60|12157|0|3
1387,0|0|4|12151,80|12157|0|4
1391,0|0|2|12164,10|12161|0|2
1392,0|0|2|0,8|11491|0|0
1393,0|0|2|0,12|11492|0|0
1394,0|0|1|12157,26|12151|0|1
1395,0|0|2|12157,42|12151|0|2
1396,0|0|3|12157,60|12151|0|3
1397,0|0|4|12157,80|12151|0|4
1500,0|0|1|0,1|12442|0|0
1501,0|0|1|0,1|12442|0|0
1502,0|0|1|0,1|12442|0|0
1503,0|0|1|0,1|12442|0|0
1504,0|0|1|0,1|12442|0|0
1510,0|0|1|0,1|12442|0|0
1511,0|0|1|0,1|12442|0|0
1512,0|0|1|0,1|12442|0|0
1520,0|0|1|0,1|12442|0|0
1521,0|0|1|0,1|12442|0|0
1522,0|0|1|0,1|12442|0|0
1523,0|0|1|0,1|12442|0|0
1524,0|0|1|0,1|12442|0|0
1525,0|0|1|0,1|12442|0|0
1541,0|0|1|0,1|12442|0|0
1542,0|0|1|0,1|12442|0|0
1543,0|0|1|0,1|12442|0|0
1600,0|0|1|0,1|12442|0|0
1992,2045|0|6|12390,1|12243|0|4
1993,2045|0|6|12390,1|12248|0|4
1994,2075|0|6|12390,1|12243|0|4
1995,2075|0|6|12390,1|12248|0|4
1996,2105|0|6|12390,1|12243|0|4
1997,2105|0|6|12390,1|12248|0|4
1998,2135|0|6|12390,1|12243|0|4
1999,2135|0|6|12390,1|12248|0|4
2000,2031|0|1|12361,1|12243|0|1
2001,2031|0|1|12361,1|12248|0|1
2004,2032|0|1|12363,1|12243|0|1
2005,2032|0|1|12363,1|12248|0|1
2008,2033|0|2|12365,1|12243|0|1
2009,2033|0|2|12365,1|12248|0|1
2012,2034|0|2|12367,1|12243|0|1
2013,2034|0|2|12367,1|12248|0|1
2014,2035|0|3|12368,1|12243|0|2
2015,2035|0|3|12368,1|12248|0|2
2016,2036|0|4|12369,1|12243|0|2
2017,2036|0|4|12369,1|12248|0|2
2018,2038|0|4|12370,1|12243|0|2
2019,2038|0|4|12370,1|12248|0|2
2020,2037|0|4|12381,1|12243|0|2
2021,2037|0|4|12381,1|12248|0|2
2024,2042|0|5|12383,1|12243|0|3
2025,2042|0|5|12383,1|12248|0|3
2026,2039|0|4|12384,1|12243|0|2
2027,2039|0|4|12384,1|12248|0|2
2028,2043|0|5|12385,1|12243|0|3
2029,2043|0|5|12385,1|12248|0|3
2030,2040|0|5|12386,1|12243|0|3
2031,2040|0|5|12386,1|12248|0|3
2032,2041|0|5|12387,1|12243|0|3
2033,2041|0|5|12387,1|12248|0|3
2034,2044|0|6|12389,1|12243|0|4
2035,2044|0|6|12389,1|12248|0|4
2036,2061|0|1|12361,1|12243|0|1
2037,2061|0|1|12361,1|12248|0|1
2040,2062|0|1|12363,1|12243|0|1
2041,2062|0|1|12363,1|12248|0|1
2044,2063|0|2|12365,1|12243|0|1
2045,2063|0|2|12365,1|12248|0|1
2048,2064|0|2|12367,1|12243|0|1
2049,2064|0|2|12367,1|12248|0|1
2050,2065|0|3|12368,1|12243|0|2
2051,2065|0|3|12368,1|12248|0|2
2052,2066|0|4|12369,1|12243|0|2
2053,2066|0|4|12369,1|12248|0|2
2054,2068|0|4|12370,1|12243|0|2
2055,2068|0|4|12370,1|12248|0|2
2056,2067|0|4|12381,1|12243|0|2
2057,2067|0|4|12381,1|12248|0|2
2060,2072|0|5|12383,1|12243|0|3
2061,2072|0|5|12383,1|12248|0|3
2062,2069|0|4|12384,1|12243|0|2
2063,2069|0|4|12384,1|12248|0|2
2064,2073|0|5|12385,1|12243|0|3
2065,2073|0|5|12385,1|12248|0|3
2066,2070|0|5|12386,1|12243|0|3
2067,2070|0|5|12386,1|12248|0|3
2068,2071|0|5|12387,1|12243|0|3
2069,2071|0|5|12387,1|12248|0|3
2070,2074|0|6|12389,1|12243|0|4
2071,2074|0|6|12389,1|12248|0|4
2072,2091|0|1|12361,1|12243|0|1
2073,2091|0|1|12361,1|12248|0|1
2076,2092|0|1|12363,1|12243|0|1
2077,2092|0|1|12363,1|12248|0|1
2080,2093|0|2|12365,1|12243|0|1
2081,2093|0|2|12365,1|12248|0|1
2084,2094|0|2|12367,1|12243|0|1
2085,2094|0|2|12367,1|12248|0|1
2086,2095|0|3|12368,1|12243|0|2
2087,2095|0|3|12368,1|12248|0|2
2088,2096|0|4|12369,1|12243|0|2
2089,2096|0|4|12369,1|12248|0|2
2090,2098|0|4|12370,1|12243|0|2
2091,2098|0|4|12370,1|12248|0|2
2092,2097|0|4|12381,1|12243|0|2
2093,2097|0|4|12381,1|12248|0|2
2096,2102|0|5|12383,1|12243|0|3
2097,2102|0|5|12383,1|12248|0|3
2098,2099|0|4|12384,1|12243|0|2
2099,2099|0|4|12384,1|12248|0|2
2100,2103|0|5|12385,1|12243|0|3
2101,2103|0|5|12385,1|12248|0|3
2102,2100|0|5|12386,1|12243|0|3
2103,2100|0|5|12386,1|12248|0|3
2104,2101|0|5|12387,1|12243|0|3
2105,2101|0|5|12387,1|12248|0|3
2106,2104|0|6|12389,1|12243|0|4
2107,2104|0|6|12389,1|12248|0|4
2108,2121|0|1|12361,1|12243|0|1
2109,2121|0|1|12361,1|12248|0|1
2112,2122|0|1|12363,1|12243|0|1
2113,2122|0|1|12363,1|12248|0|1
2116,2123|0|2|12365,1|12243|0|1
2117,2123|0|2|12365,1|12248|0|1
2120,2124|0|2|12367,1|12243|0|1
2121,2124|0|2|12367,1|12248|0|1
2122,2125|0|3|12368,1|12243|0|2
2123,2125|0|3|12368,1|12248|0|2
2124,2126|0|4|12369,1|12243|0|2
2125,2126|0|4|12369,1|12248|0|2
2126,2128|0|4|12370,1|12243|0|2
2127,2128|0|4|12370,1|12248|0|2
2128,2127|0|4|12381,1|12243|0|2
2129,2127|0|4|12381,1|12248|0|2
2132,2132|0|5|12383,1|12243|0|3
2133,2132|0|5|12383,1|12248|0|3
2134,2129|0|4|12384,1|12243|0|2
2135,2129|0|4|12384,1|12248|0|2
2136,2133|0|5|12385,1|12243|0|3
2137,2133|0|5|12385,1|12248|0|3
2138,2130|0|5|12386,1|12243|0|3
2139,2130|0|5|12386,1|12248|0|3
2140,2131|0|5|12387,1|12243|0|3
2141,2131|0|5|12387,1|12248|0|3
2142,2134|0|6|12389,1|12243|0|4
2143,2134|0|6|12389,1|12248|0|4
2144,2002|0|1|12361,1|12243|0|1
2145,2002|0|1|12361,1|12248|0|1
2146,2003|0|1|12362,1|12243|0|1
2147,2003|0|1|12362,1|12248|0|1
2148,2004|0|1|12363,1|12243|0|1
2149,2004|0|1|12363,1|12248|0|1
2150,2005|0|1|12364,1|12243|0|1
2151,2005|0|1|12364,1|12248|0|1
2152,2006|0|1|12365,1|12243|0|1
2153,2006|0|1|12365,1|12248|0|1
2154,2007|0|1|12366,1|12243|0|1
2155,2007|0|1|12366,1|12248|0|1
2156,2008|0|1|12367,1|12243|0|1
2157,2008|0|1|12367,1|12248|0|1
2158,2009|0|1|12368,1|12243|0|1
2159,2009|0|1|12368,1|12248|0|1
2160,2010|0|1|12369,1|12243|0|1
2161,2010|0|1|12369,1|12248|0|1
2162,2011|0|1|12370,1|12243|0|1
2163,2011|0|1|12370,1|12248|0|1
2164,2012|0|1|12381,1|12243|0|1
2165,2012|0|1|12381,1|12248|0|1
2166,2013|0|1|12382,1|12243|0|1
2167,2013|0|1|12382,1|12248|0|1
2168,2014|0|2|12383,1|12243|0|1
2169,2014|0|2|12383,1|12248|0|1
2170,2015|0|2|12384,1|12243|0|1
2171,2015|0|2|12384,1|12248|0|1
2172,2016|0|2|12385,1|12243|0|1
2173,2016|0|2|12385,1|12248|0|1
2174,2017|0|2|12386,1|12243|0|1
2175,2017|0|2|12386,1|12248|0|1
2178,2241|0|1|12388,1|12243|0|1
2179,2241|0|1|12388,1|12248|0|1
2242,3045|0|14|12390,1|12243|0|12
2243,3045|0|14|12390,1|12248|0|12
2244,3075|0|14|12390,1|12243|0|12
2245,3075|0|14|12390,1|12248|0|12
2246,3105|0|14|12390,1|12243|0|12
2247,3105|0|14|12390,1|12248|0|12
2248,3135|0|14|12390,1|12243|0|12
2249,3135|0|14|12390,1|12248|0|12
2250,3031|0|2|12361,1|12243|0|1
2251,3031|0|2|12361,1|12248|0|1
2254,3032|0|3|12363,1|12243|0|2
2255,3032|0|3|12363,1|12248|0|2
2258,3033|0|4|12365,1|12243|0|3
2259,3033|0|4|12365,1|12248|0|3
2262,3034|0|5|12367,1|12243|0|4
2263,3034|0|5|12367,1|12248|0|4
2264,3035|0|6|12368,1|12243|0|5
2265,3035|0|6|12368,1|12248|0|5
2266,3036|0|7|12369,1|12243|0|6
2267,3036|0|7|12369,1|12248|0|6
2268,3038|0|9|12370,1|12243|0|7
2269,3038|0|9|12370,1|12248|0|7
2270,3037|0|10|12381,1|12243|0|8
2271,3037|0|10|12381,1|12248|0|8
2274,3042|0|11|12383,1|12243|0|9
2275,3042|0|11|12383,1|12248|0|9
2276,3039|0|11|12384,1|12243|0|7
2277,3039|0|11|12384,1|12248|0|7
2278,3043|0|12|12385,1|12243|0|10
2279,3043|0|12|12385,1|12248|0|10
2280,3040|0|12|12386,1|12243|0|8
2281,3040|0|12|12386,1|12248|0|8
2282,3041|0|12|12387,1|12243|0|8
2283,3041|0|12|12387,1|12248|0|8
2284,3044|0|13|12389,1|12243|0|11
2285,3044|0|13|12389,1|12248|0|11
2286,3061|0|2|12361,1|12243|0|1
2287,3061|0|2|12361,1|12248|0|1
2290,3062|0|3|12363,1|12243|0|2
2291,3062|0|3|12363,1|12248|0|2
2294,3063|0|4|12365,1|12243|0|3
2295,3063|0|4|12365,1|12248|0|3
2298,3064|0|5|12367,1|12243|0|4
2299,3064|0|5|12367,1|12248|0|4
2300,3065|0|6|12368,1|12243|0|5
2301,3065|0|6|12368,1|12248|0|5
2302,3066|0|7|12369,1|12243|0|6
2303,3066|0|7|12369,1|12248|0|6
2304,3068|0|9|12370,1|12243|0|7
2305,3068|0|9|12370,1|12248|0|7
2306,3067|0|10|12381,1|12243|0|8
2307,3067|0|10|12381,1|12248|0|8
2310,3072|0|11|12383,1|12243|0|9
2311,3072|0|11|12383,1|12248|0|9
2312,3069|0|11|12384,1|12243|0|7
2313,3069|0|11|12384,1|12248|0|7
2314,3073|0|12|12385,1|12243|0|10
2315,3073|0|12|12385,1|12248|0|10
2316,3070|0|12|12386,1|12243|0|8
2317,3070|0|12|12386,1|12248|0|8
2318,3071|0|12|12387,1|12243|0|8
2319,3071|0|12|12387,1|12248|0|8
2320,3074|0|13|12389,1|12243|0|11
2321,3074|0|13|12389,1|12248|0|11
2322,3091|0|2|12361,1|12243|0|1
2323,3091|0|2|12361,1|12248|0|1
2326,3092|0|3|12363,1|12243|0|2
2327,3092|0|3|12363,1|12248|0|2
2330,3093|0|4|12365,1|12243|0|3
2331,3093|0|4|12365,1|12248|0|3
2334,3094|0|5|12367,1|12243|0|4
2335,3094|0|5|12367,1|12248|0|4
2336,3095|0|6|12368,1|12243|0|5
2337,3095|0|6|12368,1|12248|0|5
2338,3096|0|7|12369,1|12243|0|6
2339,3096|0|7|12369,1|12248|0|6
2340,3098|0|9|12370,1|12243|0|7
2341,3098|0|9|12370,1|12248|0|7
2342,3097|0|10|12381,1|12243|0|8
2343,3097|0|10|12381,1|12248|0|8
2346,3102|0|11|12383,1|12243|0|9
2347,3102|0|11|12383,1|12248|0|9
2348,3099|0|11|12384,1|12243|0|7
2349,3099|0|11|12384,1|12248|0|7
2350,3103|0|12|12385,1|12243|0|10
2351,3103|0|12|12385,1|12248|0|10
2352,3100|0|12|12386,1|12243|0|8
2353,3100|0|12|12386,1|12248|0|8
2354,3101|0|12|12387,1|12243|0|8
2355,3101|0|12|12387,1|12248|0|8
2356,3104|0|13|12389,1|12243|0|11
2357,3104|0|13|12389,1|12248|0|11
2358,3121|0|2|12361,1|12243|0|1
2359,3121|0|2|12361,1|12248|0|1
2362,3122|0|3|12363,1|12243|0|2
2363,3122|0|3|12363,1|12248|0|2
2366,3123|0|4|12365,1|12243|0|3
2367,3123|0|4|12365,1|12248|0|3
2370,3124|0|5|12367,1|12243|0|4
2371,3124|0|5|12367,1|12248|0|4
2372,3125|0|6|12368,1|12243|0|5
2373,3125|0|6|12368,1|12248|0|5
2374,3126|0|7|12369,1|12243|0|6
2375,3126|0|7|12369,1|12248|0|6
2376,3128|0|9|12370,1|12243|0|7
2377,3128|0|9|12370,1|12248|0|7
2378,3127|0|10|12381,1|12243|0|8
2379,3127|0|10|12381,1|12248|0|8
2382,3132|0|11|12383,1|12243|0|9
2383,3132|0|11|12383,1|12248|0|9
2384,3129|0|11|12384,1|12243|0|7
2385,3129|0|11|12384,1|12248|0|7
2386,3133|0|12|12385,1|12243|0|10
2387,3133|0|12|12385,1|12248|0|10
2388,3130|0|12|12386,1|12243|0|8
2389,3130|0|12|12386,1|12248|0|8
2390,3131|0|12|12387,1|12243|0|8
2391,3131|0|12|12387,1|12248|0|8
2392,3134|0|13|12389,1|12243|0|11
2393,3134|0|13|12389,1|12248|0|11
2394,3002|0|1|12361,1|12243|0|1
2395,3002|0|1|12361,1|12248|0|1
2396,3003|0|1|12362,1|12243|0|1
2397,3003|0|1|12362,1|12248|0|1
2398,3004|0|1|12363,1|12243|0|1
2399,3004|0|1|12363,1|12248|0|1
2400,3005|0|1|12364,1|12243|0|1
2401,3005|0|1|12364,1|12248|0|1
2402,3006|0|1|12365,1|12243|0|1
2403,3006|0|1|12365,1|12248|0|1
2404,3007|0|1|12366,1|12243|0|1
2405,3007|0|1|12366,1|12248|0|1
2406,3008|0|1|12367,1|12243|0|1
2407,3008|0|1|12367,1|12248|0|1
2408,3009|0|2|12368,1|12243|0|1
2409,3009|0|2|12368,1|12248|0|1
2410,3010|0|2|12369,1|12243|0|1
2411,3010|0|2|12369,1|12248|0|1
2412,3011|0|3|12370,1|12243|0|2
2413,3011|0|3|12370,1|12248|0|2
2414,3012|0|3|12381,1|12243|0|2
2415,3012|0|3|12381,1|12248|0|2
2416,3013|0|4|12382,1|12243|0|2
2417,3013|0|4|12382,1|12248|0|2
2418,3014|0|5|12383,1|12243|0|3
2419,3014|0|5|12383,1|12248|0|3
2420,3015|0|5|12384,1|12243|0|3
2421,3015|0|5|12384,1|12248|0|3
2422,3016|0|6|12385,1|12243|0|4
2423,3016|0|6|12385,1|12248|0|4
2424,3017|0|7|12386,1|12243|0|4
2425,3017|0|7|12386,1|12248|0|4
2492,4045|0|6|12390,1|12243|0|4
2493,4045|0|6|12390,1|12248|0|4
2494,4075|0|6|12390,1|12243|0|4
2495,4075|0|6|12390,1|12248|0|4
2496,4105|0|6|12390,1|12243|0|4
2497,4105|0|6|12390,1|12248|0|4
2498,4135|0|6|12390,1|12243|0|4
2499,4135|0|6|12390,1|12248|0|4
2500,4031|0|1|12361,1|12243|0|1
2501,4031|0|1|12361,1|12248|0|1
2504,4032|0|1|12363,1|12243|0|1
2505,4032|0|1|12363,1|12248|0|1
2508,4033|0|2|12365,1|12243|0|1
2509,4033|0|2|12365,1|12248|0|1
2512,4034|0|2|12367,1|12243|0|1
2513,4034|0|2|12367,1|12248|0|1
2514,4035|0|3|12368,1|12243|0|2
2515,4035|0|3|12368,1|12248|0|2
2516,4036|0|4|12369,1|12243|0|2
2517,4036|0|4|12369,1|12248|0|2
2518,4038|0|4|12370,1|12248|0|2
2519,4038|0|4|12370,1|12248|0|2
2520,4037|0|4|12381,1|12243|0|2
2521,4037|0|4|12381,1|12248|0|2
2524,4042|0|5|12383,1|12243|0|3
2525,4042|0|5|12383,1|12248|0|3
2526,4039|0|4|12384,1|12243|0|2
2527,4039|0|4|12384,1|12248|0|2
2528,4043|0|5|12385,1|12243|0|3
2529,4043|0|5|12385,1|12248|0|3
2530,4040|0|5|12386,1|12243|0|3
2531,4040|0|5|12386,1|12248|0|3
2532,4041|0|5|12387,1|12243|0|3
2533,4041|0|5|12387,1|12248|0|3
2534,4044|0|6|12389,1|12243|0|4
2535,4044|0|6|12389,1|12248|0|4
2536,4061|0|1|12361,1|12243|0|1
2537,4061|0|1|12361,1|12248|0|1
2540,4062|0|1|12363,1|12243|0|1
2541,4062|0|1|12363,1|12248|0|1
2544,4063|0|2|12365,1|12243|0|1
2545,4063|0|2|12365,1|12248|0|1
2548,4064|0|2|12367,1|12243|0|1
2549,4064|0|2|12367,1|12248|0|1
2550,4065|0|3|12368,1|12243|0|2
2551,4065|0|3|12368,1|12248|0|2
2552,4066|0|4|12369,1|12243|0|2
2553,4066|0|4|12369,1|12248|0|2
2554,4068|0|4|12370,1|12243|0|2
2555,4068|0|4|12370,1|12248|0|2
2556,4067|0|4|12381,1|12243|0|2
2557,4067|0|4|12381,1|12248|0|2
2560,4072|0|5|12383,1|12243|0|3
2561,4072|0|5|12383,1|12248|0|3
2562,4069|0|4|12384,1|12243|0|2
2563,4069|0|4|12384,1|12248|0|2
2564,4073|0|5|12385,1|12243|0|3
2565,4073|0|5|12385,1|12248|0|3
2566,4070|0|5|12386,1|12243|0|3
2567,4070|0|5|12386,1|12248|0|3
2568,4071|0|5|12387,1|12243|0|3
2569,4071|0|5|12387,1|12248|0|3
2570,4074|0|6|12389,1|12243|0|4
2571,4074|0|6|12389,1|12248|0|4
2572,4091|0|1|12361,1|12243|0|1
2573,4091|0|1|12361,1|12248|0|1
2576,4092|0|1|12363,1|12243|0|1
2577,4092|0|1|12363,1|12248|0|1
2580,4093|0|2|12365,1|12243|0|1
2581,4093|0|2|12365,1|12248|0|1
2584,4094|0|2|12367,1|12243|0|1
2585,4094|0|2|12367,1|12248|0|1
2586,4095|0|3|12368,1|12243|0|2
2587,4095|0|3|12368,1|12248|0|2
2588,4096|0|4|12369,1|12243|0|2
2589,4096|0|4|12369,1|12248|0|2
2590,4098|0|4|12370,1|12243|0|2
2591,4098|0|4|12370,1|12248|0|2
2592,4097|0|4|12381,1|12243|0|2
2593,4097|0|4|12381,1|12248|0|2
2596,4102|0|5|12383,1|12243|0|3
2597,4102|0|5|12383,1|12248|0|3
2598,4099|0|4|12384,1|12243|0|2
2599,4099|0|4|12384,1|12248|0|2
2600,4103|0|5|12385,1|12243|0|3
2601,4103|0|5|12385,1|12248|0|3
2602,4100|0|5|12386,1|12243|0|3
2603,4100|0|5|12386,1|12248|0|3
2604,4101|0|5|12387,1|12243|0|3
2605,4101|0|5|12387,1|12248|0|3
2606,4104|0|6|12389,1|12243|0|4
2607,4104|0|6|12389,1|12248|0|4
2608,4121|0|1|12361,1|12243|0|1
2609,4121|0|1|12361,1|12248|0|1
2612,4122|0|1|12363,1|12243|0|1
2613,4122|0|1|12363,1|12248|0|1
2616,4123|0|2|12365,1|12243|0|1
2617,4123|0|2|12365,1|12248|0|1
2620,4124|0|2|12367,1|12243|0|1
2621,4124|0|2|12367,1|12248|0|1
2622,4125|0|3|12368,1|12243|0|2
2623,4125|0|3|12368,1|12248|0|2
2624,4126|0|4|12369,1|12243|0|2
2625,4126|0|4|12369,1|12248|0|2
2626,4128|0|4|12370,1|12243|0|2
2627,4128|0|4|12370,1|12248|0|2
2628,4127|0|4|12381,1|12243|0|2
2629,4127|0|4|12381,1|12248|0|2
2632,4132|0|5|12383,1|12243|0|3
2633,4132|0|5|12383,1|12248|0|3
2634,4129|0|4|12384,1|12243|0|2
2635,4129|0|4|12384,1|12248|0|2
2636,4133|0|5|12385,1|12243|0|3
2637,4133|0|5|12385,1|12248|0|3
2638,4130|0|5|12386,1|12243|0|3
2639,4130|0|5|12386,1|12248|0|3
2640,4131|0|5|12387,1|12243|0|3
2641,4131|0|5|12387,1|12248|0|3
2642,4134|0|6|12389,1|12243|0|4
2643,4134|0|6|12389,1|12248|0|4
2644,4002|0|1|12361,1|12243|0|1
2645,4002|0|1|12361,1|12248|0|1
2646,4003|0|1|12362,1|12243|0|1
2647,4003|0|1|12362,1|12248|0|1
2648,4004|0|1|12363,1|12243|0|1
2649,4004|0|1|12363,1|12248|0|1
2650,4005|0|1|12364,1|12243|0|1
2651,4005|0|1|12364,1|12248|0|1
2652,4006|0|1|12365,1|12243|0|1
2653,4006|0|1|12365,1|12248|0|1
2654,4007|0|1|12366,1|12243|0|1
2655,4007|0|1|12366,1|12248|0|1
2656,4008|0|1|12367,1|12243|0|1
2657,4008|0|1|12367,1|12248|0|1
2658,4009|0|1|12368,1|12243|0|1
2659,4009|0|1|12368,1|12248|0|1
2660,4010|0|1|12369,1|12243|0|1
2661,4010|0|1|12369,1|12248|0|1
2662,4011|0|1|12370,1|12243|0|1
2663,4011|0|1|12370,1|12248|0|1
2664,4012|0|1|12381,1|12243|0|1
2665,4012|0|1|12381,1|12248|0|1
2666,4013|0|1|12382,1|12243|0|1
2667,4013|0|1|12382,1|12248|0|1
2668,4014|0|1|12383,1|12243|0|1
2669,4014|0|1|12383,1|12248|0|1
2670,4015|0|1|12384,1|12243|0|1
2671,4015|0|1|12384,1|12248|0|1
2672,4016|0|1|12385,1|12243|0|1
2673,4016|0|1|12385,1|12248|0|1
2674,4017|0|2|12386,1|12243|0|1
2675,4017|0|2|12386,1|12248|0|1
2692,5045|0|6|12390,1|12243|0|3
2693,5045|0|6|12390,1|12248|0|3
2694,5075|0|6|12390,1|12243|0|3
2695,5075|0|6|12390,1|12248|0|3
2696,5105|0|6|12390,1|12243|0|4
2697,5105|0|6|12390,1|12248|0|4
2698,5135|0|6|12390,1|12243|0|4
2699,5135|0|6|12390,1|12248|0|4
2700,5031|0|1|12361,1|12243|0|1
2701,5031|0|1|12361,1|12248|0|1
2704,5032|0|1|12363,1|12243|0|1
2705,5032|0|1|12363,1|12248|0|1
2708,5033|0|2|12365,1|12243|0|1
2709,5033|0|2|12365,1|12248|0|1
2712,5034|0|2|12367,1|12243|0|1
2713,5034|0|2|12367,1|12248|0|1
2714,5035|0|3|12368,1|12243|0|2
2715,5035|0|3|12368,1|12248|0|2
2716,5036|0|4|12369,1|12243|0|2
2717,5036|0|4|12369,1|12248|0|2
2718,5038|0|4|12370,1|12243|0|2
2719,5038|0|4|12370,1|12248|0|2
2720,5037|0|4|12381,1|12243|0|2
2721,5037|0|4|12381,1|12248|0|2
2724,5042|0|5|12383,1|12243|0|3
2725,5042|0|5|12383,1|12248|0|3
2726,5039|0|4|12384,1|12243|0|2
2727,5039|0|4|12384,1|12248|0|2
2728,5043|0|5|12385,1|12243|0|3
2729,5043|0|5|12385,1|12248|0|3
2730,5040|0|5|12386,1|12243|0|3
2731,5040|0|5|12386,1|12248|0|3
2732,5041|0|5|12387,1|12243|0|3
2733,5041|0|5|12387,1|12248|0|3
2734,5044|0|6|12389,1|12243|0|4
2735,5044|0|6|12389,1|12248|0|4
2736,5061|0|1|12361,1|12243|0|1
2737,5061|0|1|12361,1|12248|0|1
2740,5062|0|1|12363,1|12243|0|1
2741,5062|0|1|12363,1|12248|0|1
2744,5063|0|2|12365,1|12243|0|1
2745,5063|0|2|12365,1|12248|0|1
2748,5064|0|2|12367,1|12243|0|1
2749,5064|0|2|12367,1|12248|0|1
2750,5065|0|3|12368,1|12243|0|2
2751,5065|0|3|12368,1|12248|0|2
2752,5066|0|4|12369,1|12243|0|2
2753,5066|0|4|12369,1|12248|0|2
2754,5068|0|4|12370,1|12243|0|2
2755,5068|0|4|12370,1|12248|0|2
2756,5067|0|4|12381,1|12243|0|2
2757,5067|0|4|12381,1|12248|0|2
2760,5072|0|5|12383,1|12243|0|3
2761,5072|0|5|12383,1|12248|0|3
2762,5069|0|4|12384,1|12243|0|2
2763,5069|0|4|12384,1|12248|0|2
2764,5073|0|5|12385,1|12243|0|3
2765,5073|0|5|12385,1|12248|0|3
2766,5070|0|5|12386,1|12243|0|3
2767,5070|0|5|12386,1|12248|0|3
2768,5071|0|5|12387,1|12243|0|3
2769,5071|0|5|12387,1|12248|0|3
2770,5074|0|6|12389,1|12243|0|4
2771,5074|0|6|12389,1|12248|0|4
2772,5091|0|1|12361,1|12243|0|1
2773,5091|0|1|12361,1|12248|0|1
2776,5092|0|1|12363,1|12243|0|1
2777,5092|0|1|12363,1|12248|0|1
2780,5093|0|2|12365,1|12243|0|1
2781,5093|0|2|12365,1|12248|0|1
2784,5094|0|2|12367,1|12243|0|1
2785,5094|0|2|12367,1|12248|0|1
2786,5095|0|3|12368,1|12243|0|2
2787,5095|0|3|12368,1|12248|0|2
2788,5096|0|4|12369,1|12243|0|2
2789,5096|0|4|12369,1|12248|0|2
2790,5098|0|4|12370,1|12243|0|2
2791,5098|0|4|12370,1|12248|0|2
2792,5097|0|4|12381,1|12243|0|2
2793,5097|0|4|12381,1|12248|0|2
2796,5102|0|5|12383,1|12243|0|3
2797,5102|0|5|12383,1|12248|0|3
2798,5099|0|4|12384,1|12243|0|2
2799,5099|0|4|12384,1|12248|0|2
2800,5103|0|5|12385,1|12243|0|3
2801,5103|0|5|12385,1|12248|0|3
2802,5100|0|5|12386,1|12243|0|3
2803,5100|0|5|12386,1|12248|0|3
2804,5101|0|5|12387,1|12243|0|3
2805,5101|0|5|12387,1|12248|0|3
2806,5104|0|6|12389,1|12243|0|4
2807,5104|0|6|12389,1|12248|0|4
2808,5121|0|1|12361,1|12243|0|1
2809,5121|0|1|12361,1|12248|0|1
2812,5122|0|1|12363,1|12243|0|1
2813,5122|0|1|12363,1|12248|0|1
2816,5123|0|2|12365,1|12243|0|1
2817,5123|0|2|12365,1|12248|0|1
2820,5124|0|2|12367,1|12243|0|1
2821,5124|0|2|12367,1|12248|0|1
2822,5125|0|3|12368,1|12243|0|2
2823,5125|0|3|12368,1|12248|0|2
2824,5126|0|4|12369,1|12243|0|2
2825,5126|0|4|12369,1|12248|0|2
2826,5128|0|4|12370,1|12243|0|2
2827,5128|0|4|12370,1|12248|0|2
2828,5127|0|4|12381,1|12243|0|2
2829,5127|0|4|12381,1|12248|0|2
2832,5132|0|5|12383,1|12243|0|3
2833,5132|0|5|12383,1|12248|0|3
2834,5129|0|4|12384,1|12243|0|2
2835,5129|0|4|12384,1|12248|0|2
2836,5133|0|5|12385,1|12243|0|3
2837,5133|0|5|12385,1|12248|0|3
2838,5130|0|5|12386,1|12243|0|3
2839,5130|0|5|12386,1|12248|0|3
2840,5131|0|5|12387,1|12243|0|3
2841,5131|0|5|12387,1|12248|0|3
2842,5134|0|6|12389,1|12243|0|4
2843,5134|0|6|12389,1|12248|0|4
2844,5002|0|1|12361,1|12243|0|1
2845,5002|0|1|12361,1|12248|0|1
2846,5003|0|1|12362,1|12243|0|1
2847,5003|0|1|12362,1|12248|0|1
2848,5004|0|1|12363,1|12243|0|1
2849,5004|0|1|12363,1|12248|0|1
2850,5005|0|1|12364,1|12243|0|1
2851,5005|0|1|12364,1|12248|0|1
2852,5006|0|1|12365,1|12243|0|1
2853,5006|0|1|12365,1|12248|0|1
2854,5007|0|1|12366,1|12243|0|1
2855,5007|0|1|12366,1|12248|0|1
2856,5008|0|1|12367,1|12243|0|1
2857,5008|0|1|12367,1|12248|0|1
2858,5009|0|1|12368,1|12243|0|1
2859,5009|0|1|12368,1|12248|0|1
2860,5010|0|1|12369,1|12243|0|1
2861,5010|0|1|12369,1|12248|0|1
2862,5011|0|1|12370,1|12243|0|1
2863,5011|0|1|12370,1|12248|0|1
2864,5012|0|1|12381,1|12243|0|1
2865,5012|0|1|12381,1|12248|0|1
2866,5013|0|1|12382,1|12243|0|1
2867,5013|0|1|12382,1|12248|0|1
2868,5014|0|1|12383,1|12243|0|1
2869,5014|0|1|12383,1|12248|0|1
2870,5015|0|1|12384,1|12243|0|1
2871,5015|0|1|12384,1|12248|0|1
2872,5016|0|1|12385,1|12243|0|1
2873,5016|0|1|12385,1|12248|0|1
2874,5017|0|2|12386,1|12243|0|1
2875,5017|0|2|12386,1|12248|0|1
3001,12419|0|70|12205,1|12015|0|19
3002,12420|0|50|12205,1|12016|0|35
3003,12419|0|56|12062,1|12014|0|30
4000,8004|0|1|12361,1|12250|0|1
4001,8004|0|1|12361,1|12249|0|1
4002,8004|0|1|12361,1|12242|0|1
4003,8004|0|1|12361,1|12245|0|1
4004,8005|0|2|12361,1|12250|0|1
4005,8005|0|2|12361,1|12249|0|1
4006,8005|0|2|12361,1|12242|0|1
4007,8005|0|2|12361,1|12245|0|1
4008,8006|0|2|12362,1|12250|0|2
4009,8006|0|2|12362,1|12249|0|2
4010,8006|0|2|12362,1|12242|0|2
4011,8006|0|2|12362,1|12245|0|2
4012,8007|0|3|12363,1|12250|0|2
4013,8007|0|3|12363,1|12249|0|2
4014,8007|0|3|12363,1|12242|0|2
4015,8007|0|3|12363,1|12245|0|2
4016,8008|0|4|12364,1|12250|0|3
4017,8008|0|4|12364,1|12249|0|3
4018,8008|0|4|12364,1|12242|0|3
4019,8008|0|4|12364,1|12245|0|3
4020,8009|0|4|12365,1|12250|0|3
4021,8009|0|4|12365,1|12249|0|3
4022,8009|0|4|12365,1|12242|0|3
4023,8009|0|4|12365,1|12245|0|3
4024,8010|0|6|12366,1|12250|0|4
4025,8010|0|6|12366,1|12249|0|4
4026,8010|0|6|12366,1|12242|0|4
4027,8010|0|6|12366,1|12245|0|4
4028,8011|0|7|12367,1|12250|0|5
4029,8011|0|7|12367,1|12249|0|5
4030,8011|0|7|12367,1|12242|0|5
4031,8011|0|7|12367,1|12245|0|5
4032,8012|0|9|12367,1|12250|0|6
4033,8012|0|9|12367,1|12249|0|6
4034,8012|0|9|12367,1|12242|0|6
4035,8012|0|9|12367,1|12245|0|6
4036,8013|0|10|12368,1|12250|0|7
4037,8013|0|10|12368,1|12249|0|7
4038,8013|0|10|12368,1|12242|0|7
4039,8013|0|10|12368,1|12245|0|7
4040,8014|0|12|12369,1|12250|0|8
4041,8014|0|12|12369,1|12249|0|8
4042,8014|0|12|12369,1|12242|0|8
4043,8014|0|12|12369,1|12245|0|8
4044,8015|0|15|12381,1|12250|0|10
4045,8015|0|15|12381,1|12249|0|10
4046,8015|0|15|12381,1|12242|0|10
4047,8015|0|15|12381,1|12245|0|10
4048,8016|0|17|12382,1|12250|0|11
4049,8016|0|17|12382,1|12249|0|11
4050,8016|0|17|12382,1|12242|0|11
4051,8016|0|17|12382,1|12245|0|11
4052,8017|0|18|12383,1|12250|0|12
4053,8017|0|18|12383,1|12249|0|12
4054,8017|0|18|12383,1|12242|0|12
4055,8017|0|18|12383,1|12245|0|12
4056,8018|0|22|12384,1|12250|0|14
4057,8018|0|22|12384,1|12249|0|14
4058,8018|0|22|12384,1|12242|0|14
4059,8018|0|22|12384,1|12245|0|14
4060,8019|0|24|12385,1|12250|0|15
4061,8019|0|24|12385,1|12249|0|15
4062,8019|0|24|12385,1|12242|0|15
4063,8019|0|24|12385,1|12245|0|15
4064,8020|0|25|12386,1|12250|0|16
4065,8020|0|25|12386,1|12249|0|16
4066,8020|0|25|12386,1|12242|0|16
4067,8020|0|25|12386,1|12245|0|16
4068,8021|0|25|12387,1|12250|0|17
4069,8021|0|25|12387,1|12249|0|17
4070,8021|0|25|12387,1|12242|0|17
4071,8021|0|25|12387,1|12245|0|17
4072,8022|0|22|12388,1|12250|0|15
4073,8022|0|22|12388,1|12249|0|15
4074,8022|0|22|12388,1|12242|0|15
4075,8022|0|22|12388,1|12245|0|15
4076,8023|0|24|12389,1|12250|0|15
4077,8023|0|24|12389,1|12249|0|15
4078,8023|0|24|12389,1|12242|0|15
4079,8023|0|24|12389,1|12245|0|15
4080,8103|0|4|12361,1|12250|0|3
4081,8103|0|4|12361,1|12249|0|3
4082,8103|0|4|12361,1|12242|0|3
4083,8103|0|4|12361,1|12245|0|3
4084,8104|0|5|12362,1|12250|0|3
4085,8104|0|5|12362,1|12249|0|3
4086,8104|0|5|12362,1|12242|0|3
4087,8104|0|5|12362,1|12245|0|3
4088,8105|0|6|12363,1|12250|0|4
4089,8105|0|6|12363,1|12249|0|4
4090,8105|0|6|12363,1|12242|0|4
4091,8105|0|6|12363,1|12245|0|4
4092,8106|0|7|12364,1|12250|0|5
4093,8106|0|7|12364,1|12249|0|5
4094,8106|0|7|12364,1|12242|0|5
4095,8106|0|7|12364,1|12245|0|5
4096,8107|0|9|12365,1|12250|0|6
4097,8107|0|9|12365,1|12249|0|6
4098,8107|0|9|12365,1|12242|0|6
4099,8107|0|9|12365,1|12245|0|6
4100,8108|0|11|12366,1|12250|0|8
4101,8108|0|11|12366,1|12249|0|8
4102,8108|0|11|12366,1|12242|0|8
4103,8108|0|11|12366,1|12245|0|8
4104,8109|0|15|12367,1|12250|0|10
4105,8109|0|15|12367,1|12249|0|10
4106,8109|0|15|12367,1|12242|0|10
4107,8109|0|15|12367,1|12245|0|10
4108,8110|0|17|12367,1|12250|0|12
4109,8110|0|17|12367,1|12249|0|12
4110,8110|0|17|12367,1|12242|0|12
4111,8110|0|17|12367,1|12245|0|12
4112,8111|0|20|12368,1|12250|0|14
4113,8111|0|20|12368,1|12249|0|14
4114,8111|0|20|12368,1|12242|0|14
4115,8111|0|20|12368,1|12245|0|14
4116,8112|0|23|12369,1|12250|0|15
4117,8112|0|23|12369,1|12249|0|15
4118,8112|0|23|12369,1|12242|0|15
4119,8112|0|23|12369,1|12245|0|15
4120,8113|0|29|12381,1|12250|0|19
4121,8113|0|29|12381,1|12249|0|19
4122,8113|0|29|12381,1|12242|0|19
4123,8113|0|29|12381,1|12245|0|19
4124,8114|0|32|12382,1|12250|0|21
4125,8114|0|32|12382,1|12249|0|21
4126,8114|0|32|12382,1|12242|0|21
4127,8114|0|32|12382,1|12245|0|21
4128,8115|0|35|12383,1|12250|0|23
4129,8115|0|35|12383,1|12249|0|23
4130,8115|0|35|12383,1|12242|0|23
4131,8115|0|35|12383,1|12245|0|23
4132,8116|0|43|12384,1|12250|0|28
4133,8116|0|43|12384,1|12249|0|28
4134,8116|0|43|12384,1|12242|0|28
4135,8116|0|43|12384,1|12245|0|28
4136,8117|0|46|12385,1|12250|0|30
4137,8117|0|46|12385,1|12249|0|30
4138,8117|0|46|12385,1|12242|0|30
4139,8117|0|46|12385,1|12245|0|30
4140,8118|0|48|12386,1|12250|0|31
4141,8118|0|48|12386,1|12249|0|31
4142,8118|0|48|12386,1|12242|0|31
4143,8118|0|48|12386,1|12245|0|31
4144,8119|0|49|12387,1|12250|0|32
4145,8119|0|49|12387,1|12249|0|32
4146,8119|0|49|12387,1|12242|0|32
4147,8119|0|49|12387,1|12245|0|32
4148,8120|0|44|12388,1|12250|0|29
4149,8120|0|44|12388,1|12249|0|29
4150,8120|0|44|12388,1|12242|0|29
4151,8120|0|44|12388,1|12245|0|29
4152,8121|0|46|12389,1|12250|0|29
4153,8121|0|46|12389,1|12249|0|29
4154,8121|0|46|12389,1|12242|0|29
4155,8121|0|46|12389,1|12245|0|29
4156,8431|0|4|12362,1|12250|0|3
4157,8431|0|4|12362,1|12249|0|3
4158,8431|0|4|12362,1|12242|0|3
4159,8431|0|4|12362,1|12245|0|3
4160,8432|0|5|12362,1|12250|0|4
4161,8432|0|5|12362,1|12249|0|4
4162,8432|0|5|12362,1|12242|0|4
4163,8432|0|5|12362,1|12245|0|4
4164,8433|0|7|12363,1|12250|0|5
4165,8433|0|7|12363,1|12249|0|5
4166,8433|0|7|12363,1|12242|0|5
4167,8433|0|7|12363,1|12245|0|5
4168,8434|0|9|12364,1|12250|0|6
4169,8434|0|9|12364,1|12249|0|6
4170,8434|0|9|12364,1|12242|0|6
4171,8434|0|9|12364,1|12245|0|6
4172,8435|0|11|12365,1|12250|0|7
4173,8435|0|11|12365,1|12249|0|7
4174,8435|0|11|12365,1|12242|0|7
4175,8435|0|11|12365,1|12245|0|7
4176,8436|0|13|12366,1|12250|0|9
4177,8436|0|13|12366,1|12249|0|9
4178,8436|0|13|12366,1|12242|0|9
4179,8436|0|13|12366,1|12245|0|9
4180,8437|0|15|12367,1|12250|0|10
4181,8437|0|15|12367,1|12249|0|10
4182,8437|0|15|12367,1|12242|0|10
4183,8437|0|15|12367,1|12245|0|10
4184,8438|0|20|12367,1|12250|0|14
4185,8438|0|20|12367,1|12249|0|14
4186,8438|0|20|12367,1|12242|0|14
4187,8438|0|20|12367,1|12245|0|14
4188,8439|0|23|12368,1|12250|0|16
4189,8439|0|23|12368,1|12249|0|16
4190,8439|0|23|12368,1|12242|0|16
4191,8439|0|23|12368,1|12245|0|16
4192,8440|0|27|12369,1|12250|0|18
4193,8440|0|27|12369,1|12249|0|18
4194,8440|0|27|12369,1|12242|0|18
4195,8440|0|27|12369,1|12245|0|18
4196,8441|0|33|12381,1|12250|0|22
4197,8441|0|33|12381,1|12249|0|22
4198,8441|0|33|12381,1|12242|0|22
4199,8441|0|33|12381,1|12245|0|22
4200,8442|0|37|12382,1|12250|0|25
4201,8442|0|37|12382,1|12249|0|25
4202,8442|0|37|12382,1|12242|0|25
4203,8442|0|37|12382,1|12245|0|25
4204,8443|0|41|12383,1|12250|0|27
4205,8443|0|41|12383,1|12249|0|27
4206,8443|0|41|12383,1|12242|0|27
4207,8443|0|41|12383,1|12245|0|27
4208,8444|0|44|12384,1|12250|0|29
4209,8444|0|44|12384,1|12249|0|29
4210,8444|0|44|12384,1|12242|0|29
4211,8444|0|44|12384,1|12245|0|29
4212,8445|0|53|12385,1|12250|0|34
4213,8445|0|53|12385,1|12249|0|34
4214,8445|0|53|12385,1|12242|0|34
4215,8445|0|53|12385,1|12245|0|34
4216,8446|0|55|12386,1|12250|0|36
4217,8446|0|55|12386,1|12249|0|36
4218,8446|0|55|12386,1|12242|0|36
4219,8446|0|55|12386,1|12245|0|36
4220,8447|0|57|12387,1|12250|0|37
4221,8447|0|57|12387,1|12249|0|37
4222,8447|0|57|12387,1|12242|0|37
4223,8447|0|57|12387,1|12245|0|37
4224,8448|0|50|12388,1|12250|0|34
4225,8448|0|50|12388,1|12249|0|34
4226,8448|0|50|12388,1|12242|0|34
4227,8448|0|50|12388,1|12245|0|34
4228,8449|0|53|12389,1|12250|0|34
4229,8449|0|53|12389,1|12249|0|34
4230,8449|0|53|12389,1|12242|0|34
4231,8449|0|53|12389,1|12245|0|34
4232,8033|0|1|12361,1|12250|0|1
4233,8033|0|1|12361,1|12249|0|1
4234,8033|0|1|12361,1|12242|0|1
4235,8033|0|1|12361,1|12245|0|1
4236,8034|0|2|12362,1|12250|0|1
4237,8034|0|2|12362,1|12249|0|1
4238,8034|0|2|12362,1|12242|0|1
4239,8034|0|2|12362,1|12245|0|1
4240,8035|0|3|12362,1|12250|0|2
4241,8035|0|3|12362,1|12249|0|2
4242,8035|0|3|12362,1|12242|0|2
4243,8035|0|3|12362,1|12245|0|2
4244,8036|0|3|12363,1|12250|0|2
4245,8036|0|3|12363,1|12249|0|2
4246,8036|0|3|12363,1|12242|0|2
4247,8036|0|3|12363,1|12245|0|2
4248,8037|0|4|12364,1|12250|0|3
4249,8037|0|4|12364,1|12249|0|3
4250,8037|0|4|12364,1|12242|0|3
4251,8037|0|4|12364,1|12245|0|3
4252,8038|0|5|12365,1|12250|0|4
4253,8038|0|5|12365,1|12249|0|4
4254,8038|0|5|12365,1|12242|0|4
4255,8038|0|5|12365,1|12245|0|4
4256,8039|0|6|12366,1|12250|0|4
4257,8039|0|6|12366,1|12249|0|4
4258,8039|0|6|12366,1|12242|0|4
4259,8039|0|6|12366,1|12245|0|4
4260,8040|0|7|12367,1|12250|0|5
4261,8040|0|7|12367,1|12249|0|5
4262,8040|0|7|12367,1|12242|0|5
4263,8040|0|7|12367,1|12245|0|5
4264,8041|0|9|12367,1|12250|0|6
4265,8041|0|9|12367,1|12249|0|6
4266,8041|0|9|12367,1|12242|0|6
4267,8041|0|9|12367,1|12245|0|6
4268,8042|0|11|12368,1|12250|0|7
4269,8042|0|11|12368,1|12249|0|7
4270,8042|0|11|12368,1|12242|0|7
4271,8042|0|11|12368,1|12245|0|7
4272,8043|0|12|12369,1|12250|0|8
4273,8043|0|12|12369,1|12249|0|8
4274,8043|0|12|12369,1|12242|0|8
4275,8043|0|12|12369,1|12245|0|8
4276,8044|0|15|12381,1|12250|0|10
4277,8044|0|15|12381,1|12249|0|10
4278,8044|0|15|12381,1|12242|0|10
4279,8044|0|15|12381,1|12245|0|10
4280,8045|0|17|12382,1|12250|0|11
4281,8045|0|17|12382,1|12249|0|11
4282,8045|0|17|12382,1|12242|0|11
4283,8045|0|17|12382,1|12245|0|11
4284,8046|0|18|12383,1|12250|0|12
4285,8046|0|18|12383,1|12249|0|12
4286,8046|0|18|12383,1|12242|0|12
4287,8046|0|18|12383,1|12245|0|12
4288,8047|0|22|12384,1|12250|0|14
4289,8047|0|22|12384,1|12249|0|14
4290,8047|0|22|12384,1|12242|0|14
4291,8047|0|22|12384,1|12245|0|14
4292,8048|0|23|12385,1|12250|0|15
4293,8048|0|23|12385,1|12249|0|15
4294,8048|0|23|12385,1|12242|0|15
4295,8048|0|23|12385,1|12245|0|15
4296,8049|0|24|12386,1|12250|0|16
4297,8049|0|24|12386,1|12249|0|16
4298,8049|0|24|12386,1|12242|0|16
4299,8049|0|24|12386,1|12245|0|16
4300,8050|0|24|12387,1|12250|0|16
4301,8050|0|24|12387,1|12249|0|16
4302,8050|0|24|12387,1|12242|0|16
4303,8050|0|24|12387,1|12245|0|16
4304,8051|0|21|12388,1|12250|0|14
4305,8051|0|21|12388,1|12249|0|14
4306,8051|0|21|12388,1|12242|0|14
4307,8051|0|21|12388,1|12245|0|14
4308,8052|0|22|12389,1|12250|0|14
4309,8052|0|22|12389,1|12249|0|14
4310,8052|0|22|12389,1|12242|0|14
4311,8052|0|22|12389,1|12245|0|14
4312,8149|0|1|12361,1|12250|0|1
4313,8149|0|1|12361,1|12249|0|1
4314,8149|0|1|12361,1|12242|0|1
4315,8149|0|1|12361,1|12245|0|1
4316,8132|0|1|12362,1|12250|0|1
4317,8132|0|1|12362,1|12249|0|1
4318,8132|0|1|12362,1|12242|0|1
4319,8132|0|1|12362,1|12245|0|1
4320,8133|0|2|12362,1|12250|0|1
4321,8133|0|2|12362,1|12249|0|1
4322,8133|0|2|12362,1|12242|0|1
4323,8133|0|2|12362,1|12245|0|1
4324,8134|0|2|12363,1|12250|0|2
4325,8134|0|2|12363,1|12249|0|2
4326,8134|0|2|12363,1|12242|0|2
4327,8134|0|2|12363,1|12245|0|2
4328,8135|0|3|12364,1|12250|0|2
4329,8135|0|3|12364,1|12249|0|2
4330,8135|0|3|12364,1|12242|0|2
4331,8135|0|3|12364,1|12245|0|2
4332,8136|0|3|12365,1|12250|0|2
4333,8136|0|3|12365,1|12249|0|2
4334,8136|0|3|12365,1|12242|0|2
4335,8136|0|3|12365,1|12245|0|2
4336,8137|0|4|12366,1|12250|0|3
4337,8137|0|4|12366,1|12249|0|3
4338,8137|0|4|12366,1|12242|0|3
4339,8137|0|4|12366,1|12245|0|3
4340,8138|0|5|12367,1|12250|0|3
4341,8138|0|5|12367,1|12249|0|3
4342,8138|0|5|12367,1|12242|0|3
4343,8138|0|5|12367,1|12245|0|3
4344,8139|0|7|12367,1|12250|0|4
4345,8139|0|7|12367,1|12249|0|4
4346,8139|0|7|12367,1|12242|0|4
4347,8139|0|7|12367,1|12245|0|4
4348,8140|0|8|12368,1|12250|0|5
4349,8140|0|8|12368,1|12249|0|5
4350,8140|0|8|12368,1|12242|0|5
4351,8140|0|8|12368,1|12245|0|5
4352,8141|0|9|12369,1|12250|0|6
4353,8141|0|9|12369,1|12249|0|6
4354,8141|0|9|12369,1|12242|0|6
4355,8141|0|9|12369,1|12245|0|6
4356,8142|0|11|12381,1|12250|0|7
4357,8142|0|11|12381,1|12249|0|7
4358,8142|0|11|12381,1|12242|0|7
4359,8142|0|11|12381,1|12245|0|7
4360,8143|0|12|12381,1|12250|0|8
4361,8143|0|12|12381,1|12249|0|8
4362,8143|0|12|12381,1|12242|0|8
4363,8143|0|12|12381,1|12245|0|8
4364,8144|0|13|12382,1|12250|0|8
4365,8144|0|13|12382,1|12249|0|8
4366,8144|0|13|12382,1|12242|0|8
4367,8144|0|13|12382,1|12245|0|8
4368,8145|0|16|12383,1|12250|0|10
4369,8145|0|16|12383,1|12249|0|10
4370,8145|0|16|12383,1|12242|0|10
4371,8145|0|16|12383,1|12245|0|10
4372,8146|0|17|12384,1|12250|0|11
4373,8146|0|17|12384,1|12249|0|11
4374,8146|0|17|12384,1|12242|0|11
4375,8146|0|17|12384,1|12245|0|11
4376,8147|0|17|12385,1|12250|0|11
4377,8147|0|17|12385,1|12249|0|11
4378,8147|0|17|12385,1|12242|0|11
4379,8147|0|17|12385,1|12245|0|11
4380,8148|0|17|12386,1|12250|0|11
4381,8148|0|17|12386,1|12249|0|11
4382,8148|0|17|12386,1|12242|0|11
4383,8148|0|17|12386,1|12245|0|11
4384,8150|0|17|12387,1|12250|0|11
4385,8150|0|17|12387,1|12249|0|11
4386,8150|0|17|12387,1|12242|0|11
4387,8150|0|17|12387,1|12245|0|11
4388,8151|0|17|12388,1|12250|0|11
4389,8151|0|17|12388,1|12249|0|11
4390,8151|0|17|12388,1|12242|0|11
4391,8151|0|17|12388,1|12245|0|11
4392,8152|0|17|12389,1|12250|0|11
4393,8152|0|17|12389,1|12249|0|11
4394,8152|0|17|12389,1|12242|0|11
4395,8152|0|17|12389,1|12245|0|11
4396,8163|0|2|12361,1|12250|0|1
4397,8163|0|2|12361,1|12249|0|1
4398,8163|0|2|12361,1|12242|0|1
4399,8163|0|2|12361,1|12245|0|1
4400,8164|0|2|12362,1|12250|0|2
4401,8164|0|2|12362,1|12249|0|2
4402,8164|0|2|12362,1|12242|0|2
4403,8164|0|2|12362,1|12245|0|2
4404,8165|0|3|12363,1|12250|0|3
4405,8165|0|3|12363,1|12249|0|3
4406,8165|0|3|12363,1|12242|0|3
4407,8165|0|3|12363,1|12245|0|3
4408,8166|0|4|12363,1|12250|0|3
4409,8166|0|4|12363,1|12249|0|3
4410,8166|0|4|12363,1|12242|0|3
4411,8166|0|4|12363,1|12245|0|3
4412,8167|0|6|12364,1|12250|0|4
4413,8167|0|6|12364,1|12249|0|4
4414,8167|0|6|12364,1|12242|0|4
4415,8167|0|6|12364,1|12245|0|4
4416,8168|0|7|12365,1|12250|0|5
4417,8168|0|7|12365,1|12249|0|5
4418,8168|0|7|12365,1|12242|0|5
4419,8168|0|7|12365,1|12245|0|5
4420,8169|0|8|12366,1|12250|0|6
4421,8169|0|8|12366,1|12249|0|6
4422,8169|0|8|12366,1|12242|0|6
4423,8169|0|8|12366,1|12245|0|6
4424,8170|0|10|12367,1|12250|0|7
4425,8170|0|10|12367,1|12249|0|7
4426,8170|0|10|12367,1|12242|0|7
4427,8170|0|10|12367,1|12245|0|7
4428,8171|0|13|12368,1|12250|0|9
4429,8171|0|13|12368,1|12249|0|9
4430,8171|0|13|12368,1|12242|0|9
4431,8171|0|13|12368,1|12245|0|9
4432,8172|0|14|12368,1|12250|0|10
4433,8172|0|14|12368,1|12249|0|10
4434,8172|0|14|12368,1|12242|0|10
4435,8172|0|14|12368,1|12245|0|10
4436,8173|0|16|12369,1|12250|0|11
4437,8173|0|16|12369,1|12249|0|11
4438,8173|0|16|12369,1|12242|0|11
4439,8173|0|16|12369,1|12245|0|11
4440,8174|0|18|12381,1|12250|0|12
4441,8174|0|18|12381,1|12249|0|12
4442,8174|0|18|12381,1|12242|0|12
4443,8174|0|18|12381,1|12245|0|12
4444,8175|0|22|12381,1|12250|0|15
4445,8175|0|22|12381,1|12249|0|15
4446,8175|0|22|12381,1|12242|0|15
4447,8175|0|22|12381,1|12245|0|15
4448,8176|0|24|12382,1|12250|0|16
4449,8176|0|24|12382,1|12249|0|16
4450,8176|0|24|12382,1|12242|0|16
4451,8176|0|24|12382,1|12245|0|16
4452,8177|0|26|12383,1|12250|0|17
4453,8177|0|26|12383,1|12249|0|17
4454,8177|0|26|12383,1|12242|0|17
4455,8177|0|26|12383,1|12245|0|17
4456,8178|0|31|12384,1|12250|0|20
4457,8178|0|31|12384,1|12249|0|20
4458,8178|0|31|12384,1|12242|0|20
4459,8178|0|31|12384,1|12245|0|20
4460,8179|0|32|12385,1|12250|0|21
4461,8179|0|32|12385,1|12249|0|21
4462,8179|0|32|12385,1|12242|0|21
4463,8179|0|32|12385,1|12245|0|21
4464,8180|0|32|12386,1|12250|0|21
4465,8180|0|32|12386,1|12249|0|21
4466,8180|0|32|12386,1|12242|0|21
4467,8180|0|32|12386,1|12245|0|21
4468,8182|0|36|12387,1|12250|0|24
4469,8182|0|36|12387,1|12249|0|24
4470,8182|0|36|12387,1|12242|0|24
4471,8182|0|36|12387,1|12245|0|24
4472,8183|0|31|12388,1|12250|0|21
4473,8183|0|31|12388,1|12249|0|21
4474,8183|0|31|12388,1|12242|0|21
4475,8183|0|31|12388,1|12245|0|21
4476,8184|0|32|12389,1|12250|0|20
4477,8184|0|32|12389,1|12249|0|20
4478,8184|0|32|12389,1|12242|0|20
4479,8184|0|32|12389,1|12245|0|20
4480,8402|0|1|12361,1|12250|0|1
4481,8402|0|1|12361,1|12249|0|1
4482,8402|0|1|12361,1|12242|0|1
4483,8402|0|1|12361,1|12245|0|1
4484,8403|0|2|12361,1|12250|0|1
4485,8403|0|2|12361,1|12249|0|1
4486,8403|0|2|12361,1|12242|0|1
4487,8403|0|2|12361,1|12245|0|1
4488,8404|0|3|12362,1|12250|0|2
4489,8404|0|3|12362,1|12249|0|2
4490,8404|0|3|12362,1|12242|0|2
4491,8404|0|3|12362,1|12245|0|2
4492,8405|0|3|12363,1|12250|0|2
4493,8405|0|3|12363,1|12249|0|2
4494,8405|0|3|12363,1|12242|0|2
4495,8405|0|3|12363,1|12245|0|2
4496,8406|0|4|12364,1|12250|0|3
4497,8406|0|4|12364,1|12249|0|3
4498,8406|0|4|12364,1|12242|0|3
4499,8406|0|4|12364,1|12245|0|3
4500,8407|0|5|12365,1|12250|0|4
4501,8407|0|5|12365,1|12249|0|4
4502,8407|0|5|12365,1|12242|0|4
4503,8407|0|5|12365,1|12245|0|4
4504,8408|0|6|12366,1|12250|0|4
4505,8408|0|6|12366,1|12249|0|4
4506,8408|0|6|12366,1|12242|0|4
4507,8408|0|6|12366,1|12245|0|4
4508,8409|0|8|12367,1|12250|0|6
4509,8409|0|8|12367,1|12249|0|6
4510,8409|0|8|12367,1|12242|0|6
4511,8409|0|8|12367,1|12245|0|6
4512,8410|0|10|12367,1|12250|0|7
4513,8410|0|10|12367,1|12249|0|7
4514,8410|0|10|12367,1|12242|0|7
4515,8410|0|10|12367,1|12245|0|7
4516,8411|0|11|12368,1|12250|0|8
4517,8411|0|11|12368,1|12249|0|8
4518,8411|0|11|12368,1|12242|0|8
4519,8411|0|11|12368,1|12245|0|8
4520,8412|0|13|12369,1|12250|0|8
4521,8412|0|13|12369,1|12249|0|8
4522,8412|0|13|12369,1|12242|0|8
4523,8412|0|13|12369,1|12245|0|8
4524,8413|0|16|12381,1|12250|0|11
4525,8413|0|16|12381,1|12249|0|11
4526,8413|0|16|12381,1|12242|0|11
4527,8413|0|16|12381,1|12245|0|11
4528,8414|0|17|12382,1|12250|0|11
4529,8414|0|17|12382,1|12249|0|11
4530,8414|0|17|12382,1|12242|0|11
4531,8414|0|17|12382,1|12245|0|11
4532,8415|0|19|12383,1|12250|0|12
4533,8415|0|19|12383,1|12249|0|12
4534,8415|0|19|12383,1|12242|0|12
4535,8415|0|19|12383,1|12245|0|12
4536,8416|0|23|12384,1|12250|0|15
4537,8416|0|23|12384,1|12249|0|15
4538,8416|0|23|12384,1|12242|0|15
4539,8416|0|23|12384,1|12245|0|15
4540,8417|0|24|12385,1|12250|0|16
4541,8417|0|24|12385,1|12249|0|16
4542,8417|0|24|12385,1|12242|0|16
4543,8417|0|24|12385,1|12245|0|16
4544,8418|0|25|12386,1|12250|0|16
4545,8418|0|25|12386,1|12249|0|16
4546,8418|0|25|12386,1|12242|0|16
4547,8418|0|25|12386,1|12245|0|16
4548,8419|0|25|12387,1|12250|0|16
4549,8419|0|25|12387,1|12249|0|16
4550,8419|0|25|12387,1|12242|0|16
4551,8419|0|25|12387,1|12245|0|16
4552,8420|0|22|12388,1|12250|0|15
4553,8420|0|22|12388,1|12249|0|15
4554,8420|0|22|12388,1|12242|0|15
4555,8420|0|22|12388,1|12245|0|15
4556,8421|0|23|12389,1|12250|0|14
4557,8421|0|23|12389,1|12249|0|14
4558,8421|0|23|12389,1|12242|0|14
4559,8421|0|23|12389,1|12245|0|14
4560,8061|0|5|12363,1|12250|0|4
4561,8061|0|5|12363,1|12249|0|4
4562,8061|0|5|12363,1|12242|0|4
4563,8061|0|5|12363,1|12245|0|4
4564,8062|0|7|12364,1|12250|0|5
4565,8062|0|7|12364,1|12249|0|5
4566,8062|0|7|12364,1|12242|0|5
4567,8062|0|7|12364,1|12245|0|5
4568,8063|0|9|12365,1|12250|0|6
4569,8063|0|9|12365,1|12249|0|6
4570,8063|0|9|12365,1|12242|0|6
4571,8063|0|9|12365,1|12245|0|6
4572,8064|0|11|12366,1|12250|0|8
4573,8064|0|11|12366,1|12249|0|8
4574,8064|0|11|12366,1|12242|0|8
4575,8064|0|11|12366,1|12245|0|8
4576,8065|0|13|12367,1|12250|0|9
4577,8065|0|13|12367,1|12249|0|9
4578,8065|0|13|12367,1|12242|0|9
4579,8065|0|13|12367,1|12245|0|9
4580,8066|0|15|12368,1|12250|0|10
4581,8066|0|15|12368,1|12249|0|10
4582,8066|0|15|12368,1|12242|0|10
4583,8066|0|15|12368,1|12245|0|10
4584,8067|0|17|12369,1|12250|0|12
4585,8067|0|17|12369,1|12249|0|12
4586,8067|0|17|12369,1|12242|0|12
4587,8067|0|17|12369,1|12245|0|12
4588,8068|0|19|12370,1|12250|0|13
4589,8068|0|19|12370,1|12249|0|13
4590,8068|0|19|12370,1|12242|0|13
4591,8068|0|19|12370,1|12245|0|13
4592,8069|0|24|12370,1|12250|0|16
4593,8069|0|24|12370,1|12249|0|16
4594,8069|0|24|12370,1|12242|0|16
4595,8069|0|24|12370,1|12245|0|16
4596,8070|0|26|12381,1|12250|0|17
4597,8070|0|26|12381,1|12249|0|17
4598,8070|0|26|12381,1|12242|0|17
4599,8070|0|26|12381,1|12245|0|17
4600,8071|0|25|12381,1|12250|0|17
4601,8071|0|25|12381,1|12249|0|17
4602,8071|0|25|12381,1|12242|0|17
4603,8071|0|25|12381,1|12245|0|17
4604,8072|0|28|12382,1|12250|0|18
4605,8072|0|28|12382,1|12249|0|18
4606,8072|0|28|12382,1|12242|0|18
4607,8072|0|28|12382,1|12245|0|18
4608,8073|0|28|12382,1|12250|0|18
4609,8073|0|28|12382,1|12249|0|18
4610,8073|0|28|12382,1|12242|0|18
4611,8073|0|28|12382,1|12245|0|18
4612,8074|0|27|12383,1|12250|0|18
4613,8074|0|27|12383,1|12249|0|18
4614,8074|0|27|12383,1|12242|0|18
4615,8074|0|27|12383,1|12245|0|18
4616,8075|0|26|12384,1|12250|0|17
4617,8075|0|26|12384,1|12249|0|17
4618,8075|0|26|12384,1|12242|0|17
4619,8075|0|26|12384,1|12245|0|17
4620,8076|0|26|12385,1|12250|0|17
4621,8076|0|26|12385,1|12249|0|17
4622,8076|0|26|12385,1|12242|0|17
4623,8076|0|26|12385,1|12245|0|17
4624,8077|0|25|12386,1|12250|0|16
4625,8077|0|25|12386,1|12249|0|16
4626,8077|0|25|12386,1|12242|0|16
4627,8077|0|25|12386,1|12245|0|16
4628,8078|0|24|12387,1|12250|0|16
4629,8078|0|24|12387,1|12249|0|16
4630,8078|0|24|12387,1|12242|0|16
4631,8078|0|24|12387,1|12245|0|16
4632,8079|0|28|12388,1|12250|0|18
4633,8079|0|28|12388,1|12249|0|18
4634,8079|0|28|12388,1|12242|0|18
4635,8079|0|28|12388,1|12245|0|18
4636,8080|0|33|12388,1|12250|0|19
4637,8080|0|33|12388,1|12249|0|19
4638,8080|0|33|12388,1|12242|0|19
4639,8080|0|33|12388,1|12245|0|19
4649,8203|0|1|12361,1|12250|0|1
4650,8203|0|1|12361,1|12249|0|1
4651,8203|0|1|12361,1|12242|0|1
4652,8203|0|1|12361,1|12245|0|1
4653,8204|0|2|12361,1|12250|0|2
4654,8204|0|2|12361,1|12249|0|2
4655,8204|0|2|12361,1|12242|0|2
4656,8204|0|2|12361,1|12245|0|2
4657,8205|0|3|12362,1|12250|0|2
4658,8205|0|3|12362,1|12249|0|2
4659,8205|0|3|12362,1|12242|0|2
4660,8205|0|3|12362,1|12245|0|2
4661,8206|0|4|12363,1|12250|0|3
4662,8206|0|4|12363,1|12249|0|3
4663,8206|0|4|12363,1|12242|0|3
4664,8206|0|4|12363,1|12245|0|3
4665,8207|0|5|12364,1|12250|0|3
4666,8207|0|5|12364,1|12249|0|3
4667,8207|0|5|12364,1|12242|0|3
4668,8207|0|5|12364,1|12245|0|3
4669,8208|0|6|12365,1|12250|0|4
4670,8208|0|6|12365,1|12249|0|4
4671,8208|0|6|12365,1|12242|0|4
4672,8208|0|6|12365,1|12245|0|4
4673,8209|0|7|12366,1|12250|0|5
4674,8209|0|7|12366,1|12249|0|5
4675,8209|0|7|12366,1|12242|0|5
4676,8209|0|7|12366,1|12245|0|5
4677,8210|0|9|12367,1|12250|0|6
4678,8210|0|9|12367,1|12249|0|6
4679,8210|0|9|12367,1|12242|0|6
4680,8210|0|9|12367,1|12245|0|6
4681,8211|0|11|12367,1|12250|0|7
4682,8211|0|11|12367,1|12249|0|7
4683,8211|0|11|12367,1|12242|0|7
4684,8211|0|11|12367,1|12245|0|7
4685,8212|0|12|12368,1|12250|0|8
4686,8212|0|12|12368,1|12249|0|8
4687,8212|0|12|12368,1|12242|0|8
4688,8212|0|12|12368,1|12245|0|8
4689,8213|0|14|12369,1|12250|0|9
4690,8213|0|14|12369,1|12249|0|9
4691,8213|0|14|12369,1|12242|0|9
4692,8213|0|14|12369,1|12245|0|9
4693,8214|0|17|12381,1|12250|0|11
4694,8214|0|17|12381,1|12249|0|11
4695,8214|0|17|12381,1|12242|0|11
4696,8214|0|17|12381,1|12245|0|11
4697,8215|0|19|12382,1|12250|0|12
4698,8215|0|19|12382,1|12249|0|12
4699,8215|0|19|12382,1|12242|0|12
4700,8215|0|19|12382,1|12245|0|12
4701,8216|0|20|12383,1|12250|0|13
4702,8216|0|20|12383,1|12249|0|13
4703,8216|0|20|12383,1|12242|0|13
4704,8216|0|20|12383,1|12245|0|13
4705,8217|0|24|12384,1|12250|0|16
4706,8217|0|24|12384,1|12249|0|16
4707,8217|0|24|12384,1|12242|0|16
4708,8217|0|24|12384,1|12245|0|16
4709,8218|0|26|12385,1|12250|0|17
4710,8218|0|26|12385,1|12249|0|17
4711,8218|0|26|12385,1|12242|0|17
4712,8218|0|26|12385,1|12245|0|17
4713,8219|0|27|12386,1|12250|0|17
4714,8219|0|27|12386,1|12249|0|17
4715,8219|0|27|12386,1|12242|0|17
4716,8219|0|27|12386,1|12245|0|17
4717,8220|0|27|12387,1|12250|0|18
4718,8220|0|27|12387,1|12249|0|18
4719,8220|0|27|12387,1|12242|0|18
4720,8220|0|27|12387,1|12245|0|18
4721,8221|0|24|12388,1|12250|0|16
4722,8221|0|24|12388,1|12249|0|16
4723,8221|0|24|12388,1|12242|0|16
4724,8221|0|24|12388,1|12245|0|16
4725,8222|0|25|12389,1|12250|0|15
4726,8222|0|25|12389,1|12249|0|15
4727,8222|0|25|12389,1|12242|0|15
4728,8222|0|25|12389,1|12245|0|15
4729,8302|0|2|12361,1|12250|0|1
4730,8302|0|2|12361,1|12249|0|1
4731,8302|0|2|12361,1|12242|0|1
4732,8302|0|2|12361,1|12245|0|1
4733,8303|0|3|12361,1|12250|0|2
4734,8303|0|3|12361,1|12249|0|2
4735,8303|0|3|12361,1|12242|0|2
4736,8303|0|3|12361,1|12245|0|2
4737,8304|0|4|12362,1|12250|0|3
4738,8304|0|4|12362,1|12249|0|3
4739,8304|0|4|12362,1|12242|0|3
4740,8304|0|4|12362,1|12245|0|3
4741,8305|0|5|12363,1|12250|0|3
4742,8305|0|5|12363,1|12249|0|3
4743,8305|0|5|12363,1|12242|0|3
4744,8305|0|5|12363,1|12245|0|3
4745,8306|0|6|12364,1|12250|0|4
4746,8306|0|6|12364,1|12249|0|4
4747,8306|0|6|12364,1|12242|0|4
4748,8306|0|6|12364,1|12245|0|4
4749,8307|0|7|12365,1|12250|0|5
4750,8307|0|7|12365,1|12249|0|5
4751,8307|0|7|12365,1|12242|0|5
4752,8307|0|7|12365,1|12245|0|5
4753,8308|0|9|12366,1|12250|0|6
4754,8308|0|9|12366,1|12249|0|6
4755,8308|0|9|12366,1|12242|0|6
4756,8308|0|9|12366,1|12245|0|6
4757,8309|0|11|12367,1|12250|0|8
4758,8309|0|11|12367,1|12249|0|8
4759,8309|0|11|12367,1|12242|0|8
4760,8309|0|11|12367,1|12245|0|8
4761,8310|0|13|12367,1|12250|0|9
4762,8310|0|13|12367,1|12249|0|9
4763,8310|0|13|12367,1|12242|0|9
4764,8310|0|13|12367,1|12245|0|9
4765,8311|0|15|12368,1|12250|0|10
4766,8311|0|15|12368,1|12249|0|10
4767,8311|0|15|12368,1|12242|0|10
4768,8311|0|15|12368,1|12245|0|10
4769,8312|0|17|12369,1|12250|0|11
4770,8312|0|17|12369,1|12249|0|11
4771,8312|0|17|12369,1|12242|0|11
4772,8312|0|17|12369,1|12245|0|11
4773,8313|0|21|12381,1|12250|0|14
4774,8313|0|21|12381,1|12249|0|14
4775,8313|0|21|12381,1|12242|0|14
4776,8313|0|21|12381,1|12245|0|14
4777,8314|0|23|12382,1|12250|0|15
4778,8314|0|23|12382,1|12249|0|15
4779,8314|0|23|12382,1|12242|0|15
4780,8314|0|23|12382,1|12245|0|15
4781,8315|0|25|12383,1|12250|0|17
4782,8315|0|25|12383,1|12249|0|17
4783,8315|0|25|12383,1|12242|0|17
4784,8315|0|25|12383,1|12245|0|17
4785,8316|0|30|12383,1|12250|0|20
4786,8316|0|30|12383,1|12249|0|20
4787,8316|0|30|12383,1|12242|0|20
4788,8316|0|30|12383,1|12245|0|20
4789,8317|0|32|12384,1|12250|0|21
4790,8317|0|32|12384,1|12249|0|21
4791,8317|0|32|12384,1|12242|0|21
4792,8317|0|32|12384,1|12245|0|21
4793,8318|0|33|12385,1|12250|0|21
4794,8318|0|33|12385,1|12249|0|21
4795,8318|0|33|12385,1|12242|0|21
4796,8318|0|33|12385,1|12245|0|21
4797,8319|0|34|12386,1|12250|0|22
4798,8319|0|34|12386,1|12249|0|22
4799,8319|0|34|12386,1|12242|0|22
4800,8319|0|34|12386,1|12245|0|22
4801,8320|0|33|12387,1|12250|0|22
4802,8320|0|33|12387,1|12249|0|22
4803,8320|0|33|12387,1|12242|0|22
4804,8320|0|33|12387,1|12245|0|22
4805,8321|0|33|12388,1|12250|0|22
4806,8321|0|33|12388,1|12249|0|22
4807,8321|0|33|12388,1|12242|0|22
4808,8321|0|33|12388,1|12245|0|22
4809,8322|0|34|12389,1|12250|0|21
4810,8322|0|34|12389,1|12249|0|21
4811,8322|0|34|12389,1|12242|0|21
4812,8322|0|34|12389,1|12245|0|21
4813,8332|0|2|12361,1|12250|0|1
4814,8332|0|2|12361,1|12249|0|1
4815,8332|0|2|12361,1|12242|0|1
4816,8332|0|2|12361,1|12245|0|1
4817,8333|0|2|12362,1|12250|0|2
4818,8333|0|2|12362,1|12249|0|2
4819,8333|0|2|12362,1|12242|0|2
4820,8333|0|2|12362,1|12245|0|2
4821,8334|0|3|12362,1|12250|0|2
4822,8334|0|3|12362,1|12249|0|2
4823,8334|0|3|12362,1|12242|0|2
4824,8334|0|3|12362,1|12245|0|2
4825,8335|0|4|12363,1|12250|0|3
4826,8335|0|4|12363,1|12249|0|3
4827,8335|0|4|12363,1|12242|0|3
4828,8335|0|4|12363,1|12245|0|3
4829,8336|0|5|12364,1|12250|0|3
4830,8336|0|5|12364,1|12249|0|3
4831,8336|0|5|12364,1|12242|0|3
4832,8336|0|5|12364,1|12245|0|3
4833,8337|0|6|12365,1|12250|0|4
4834,8337|0|6|12365,1|12249|0|4
4835,8337|0|6|12365,1|12242|0|4
4836,8337|0|6|12365,1|12245|0|4
4837,8338|0|7|12366,1|12250|0|5
4838,8338|0|7|12366,1|12249|0|5
4839,8338|0|7|12366,1|12242|0|5
4840,8338|0|7|12366,1|12245|0|5
4841,8339|0|9|12367,1|12250|0|6
4842,8339|0|9|12367,1|12249|0|6
4843,8339|0|9|12367,1|12242|0|6
4844,8339|0|9|12367,1|12245|0|6
4845,8340|0|11|12368,1|12250|0|8
4846,8340|0|11|12368,1|12249|0|8
4847,8340|0|11|12368,1|12242|0|8
4848,8340|0|11|12368,1|12245|0|8
4849,8341|0|13|12369,1|12250|0|9
4850,8341|0|13|12369,1|12249|0|9
4851,8341|0|13|12369,1|12242|0|9
4852,8341|0|13|12369,1|12245|0|9
4853,8342|0|14|12381,1|12250|0|10
4854,8342|0|14|12381,1|12249|0|10
4855,8342|0|14|12381,1|12242|0|10
4856,8342|0|14|12381,1|12245|0|10
4857,8343|0|18|12382,1|12250|0|12
4858,8343|0|18|12382,1|12249|0|12
4859,8343|0|18|12382,1|12242|0|12
4860,8343|0|18|12382,1|12245|0|12
4861,8344|0|20|12383,1|12250|0|13
4862,8344|0|20|12383,1|12249|0|13
4863,8344|0|20|12383,1|12242|0|13
4864,8344|0|20|12383,1|12245|0|13
4865,8345|0|22|12384,1|12250|0|14
4866,8345|0|22|12384,1|12249|0|14
4867,8345|0|22|12384,1|12242|0|14
4868,8345|0|22|12384,1|12245|0|14
4869,8346|0|26|12385,1|12250|0|17
4870,8346|0|26|12385,1|12249|0|17
4871,8346|0|26|12385,1|12242|0|17
4872,8346|0|26|12385,1|12245|0|17
4873,8347|0|27|12386,1|12250|0|18
4874,8347|0|27|12386,1|12249|0|18
4875,8347|0|27|12386,1|12242|0|18
4876,8347|0|27|12386,1|12245|0|18
4877,8348|0|28|12387,1|12250|0|18
4878,8348|0|28|12387,1|12249|0|18
4879,8348|0|28|12387,1|12242|0|18
4880,8348|0|28|12387,1|12245|0|18
4881,8349|0|22|12388,1|12250|0|15
4882,8349|0|22|12388,1|12249|0|15
4883,8349|0|22|12388,1|12242|0|15
4884,8349|0|22|12388,1|12245|0|15
4885,8350|0|23|12389,1|12250|0|15
4886,8350|0|23|12389,1|12249|0|15
4887,8350|0|23|12389,1|12242|0|15
4888,8350|0|23|12389,1|12245|0|15
4889,8232|0|2|12361,1|12250|0|1
4890,8232|0|2|12361,1|12249|0|1
4891,8232|0|2|12361,1|12242|0|1
4892,8232|0|2|12361,1|12245|0|1
4893,8233|0|3|12361,1|12250|0|2
4894,8233|0|3|12361,1|12249|0|2
4895,8233|0|3|12361,1|12242|0|2
4896,8233|0|3|12361,1|12245|0|2
4897,8234|0|4|12362,1|12250|0|3
4898,8234|0|4|12362,1|12249|0|3
4899,8234|0|4|12362,1|12242|0|3
4900,8234|0|4|12362,1|12245|0|3
4901,8235|0|5|12363,1|12250|0|3
4902,8235|0|5|12363,1|12249|0|3
4903,8235|0|5|12363,1|12242|0|3
4904,8235|0|5|12363,1|12245|0|3
4905,8236|0|6|12364,1|12250|0|4
4906,8236|0|6|12364,1|12249|0|4
4907,8236|0|6|12364,1|12242|0|4
4908,8236|0|6|12364,1|12245|0|4
4909,8237|0|7|12365,1|12250|0|5
4910,8237|0|7|12365,1|12249|0|5
4911,8237|0|7|12365,1|12242|0|5
4912,8237|0|7|12365,1|12245|0|5
4913,8238|0|9|12366,1|12250|0|6
4914,8238|0|9|12366,1|12249|0|6
4915,8238|0|9|12366,1|12242|0|6
4916,8238|0|9|12366,1|12245|0|6
4917,8239|0|12|12367,1|12250|0|8
4918,8239|0|12|12367,1|12249|0|8
4919,8239|0|12|12367,1|12242|0|8
4920,8239|0|12|12367,1|12245|0|8
4921,8240|0|13|12367,1|12250|0|9
4922,8240|0|13|12367,1|12249|0|9
4923,8240|0|13|12367,1|12242|0|9
4924,8240|0|13|12367,1|12245|0|9
4925,8241|0|16|12368,1|12250|0|10
4926,8241|0|16|12368,1|12249|0|10
4927,8241|0|16|12368,1|12242|0|10
4928,8241|0|16|12368,1|12245|0|10
4929,8242|0|18|12369,1|12250|0|12
4930,8242|0|18|12369,1|12249|0|12
4931,8242|0|18|12369,1|12242|0|12
4932,8242|0|18|12369,1|12245|0|12
4933,8243|0|22|12381,1|12250|0|15
4934,8243|0|22|12381,1|12249|0|15
4935,8243|0|22|12381,1|12242|0|15
4936,8243|0|22|12381,1|12245|0|15
4937,8244|0|24|12382,1|12250|0|16
4938,8244|0|24|12382,1|12249|0|16
4939,8244|0|24|12382,1|12242|0|16
4940,8244|0|24|12382,1|12245|0|16
4941,8245|0|26|12383,1|12250|0|17
4942,8245|0|26|12383,1|12249|0|17
4943,8245|0|26|12383,1|12242|0|17
4944,8245|0|26|12383,1|12245|0|17
4945,8246|0|31|12383,1|12250|0|20
4946,8246|0|31|12383,1|12249|0|20
4947,8246|0|31|12383,1|12242|0|20
4948,8246|0|31|12383,1|12245|0|20
4949,8247|0|33|12384,1|12250|0|21
4950,8247|0|33|12384,1|12249|0|21
4951,8247|0|33|12384,1|12242|0|21
4952,8247|0|33|12384,1|12245|0|21
4953,8248|0|34|12385,1|12250|0|22
4954,8248|0|34|12385,1|12249|0|22
4955,8248|0|34|12385,1|12242|0|22
4956,8248|0|34|12385,1|12245|0|22
4957,8249|0|35|12386,1|12250|0|23
4958,8249|0|35|12386,1|12249|0|23
4959,8249|0|35|12386,1|12242|0|23
4960,8249|0|35|12386,1|12245|0|23
4961,8250|0|30|12388,1|12250|0|20
4962,8250|0|30|12388,1|12249|0|20
4963,8250|0|30|12388,1|12242|0|20
4964,8250|0|30|12388,1|12245|0|20
4965,8251|0|31|12389,1|12250|0|20
4966,8251|0|31|12389,1|12249|0|20
4967,8251|0|31|12389,1|12242|0|20
4968,8251|0|31|12389,1|12245|0|20
4969,8261|0|10|12362,1|12250|0|7
4970,8261|0|10|12362,1|12249|0|7
4971,8261|0|10|12362,1|12242|0|7
4972,8261|0|10|12362,1|12245|0|7
4973,8262|0|12|12362,1|12250|0|9
4974,8262|0|12|12362,1|12249|0|9
4975,8262|0|12|12362,1|12242|0|9
4976,8262|0|12|12362,1|12245|0|9
4977,8263|0|15|12363,1|12250|0|11
4978,8263|0|15|12363,1|12249|0|11
4979,8263|0|15|12363,1|12242|0|11
4980,8263|0|15|12363,1|12245|0|11
4981,8264|0|19|12364,1|12250|0|14
4982,8264|0|19|12364,1|12249|0|14
4983,8264|0|19|12364,1|12242|0|14
4984,8264|0|19|12364,1|12245|0|14
4985,8265|0|23|12365,1|12250|0|16
4986,8265|0|23|12365,1|12249|0|16
4987,8265|0|23|12365,1|12242|0|16
4988,8265|0|23|12365,1|12245|0|16
4989,8266|0|27|12366,1|12250|0|19
4990,8266|0|27|12366,1|12249|0|19
4991,8266|0|27|12366,1|12242|0|19
4992,8266|0|27|12366,1|12245|0|19
4993,8267|0|30|12367,1|12250|0|22
4994,8267|0|30|12367,1|12249|0|22
4995,8267|0|30|12367,1|12242|0|22
4996,8267|0|30|12367,1|12245|0|22
4997,8268|0|40|12367,1|12250|0|27
4998,8268|0|40|12367,1|12249|0|27
4999,8268|0|40|12367,1|12242|0|27
5000,8268|0|40|12367,1|12245|0|27
5001,8269|0|44|12368,1|12250|0|30
5002,8269|0|44|12368,1|12249|0|30
5003,8269|0|44|12368,1|12242|0|30
5004,8269|0|44|12368,1|12245|0|30
5005,8270|0|49|12369,1|12250|0|33
5006,8270|0|49|12369,1|12249|0|33
5007,8270|0|49|12369,1|12242|0|33
5008,8270|0|49|12369,1|12245|0|33
5009,8271|0|59|12382,1|12250|0|40
5010,8271|0|59|12382,1|12249|0|40
5011,8271|0|59|12382,1|12242|0|40
5012,8271|0|59|12382,1|12245|0|40
5013,8272|0|63|12382,1|12250|0|42
5014,8272|0|63|12382,1|12249|0|42
5015,8272|0|63|12382,1|12242|0|42
5016,8272|0|63|12382,1|12245|0|42
5017,8273|0|65|12383,1|12250|0|43
5018,8273|0|65|12383,1|12249|0|43
5019,8273|0|65|12383,1|12242|0|43
5020,8273|0|65|12383,1|12245|0|43
5021,8274|0|75|12384,1|12250|0|49
5022,8274|0|75|12384,1|12249|0|49
5023,8274|0|75|12384,1|12242|0|49
5024,8274|0|75|12384,1|12245|0|49
5025,8275|0|75|12384,1|12250|0|49
5026,8275|0|75|12384,1|12249|0|49
5027,8275|0|75|12384,1|12242|0|49
5028,8275|0|75|12384,1|12245|0|49
5029,8276|0|73|12385,1|12250|0|48
5030,8276|0|73|12385,1|12249|0|48
5031,8276|0|73|12385,1|12242|0|48
5032,8276|0|73|12385,1|12245|0|48
5033,8277|0|70|12386,1|12250|0|46
5034,8277|0|70|12386,1|12249|0|46
5035,8277|0|70|12386,1|12242|0|46
5036,8277|0|70|12386,1|12245|0|46
5037,8278|0|58|12388,1|12250|0|39
5038,8278|0|58|12388,1|12249|0|39
5039,8278|0|58|12388,1|12242|0|39
5040,8278|0|58|12388,1|12245|0|39
5041,8279|0|56|12389,1|12250|0|35
5042,8279|0|56|12389,1|12249|0|35
5043,8279|0|56|12389,1|12242|0|35
5044,8279|0|56|12389,1|12245|0|35
5301,0|0|5|0,1|12191|0|0
5302,0|0|5|0,1|12124|0|0
5303,0|0|5|0,1|12123|0|0
5304,0|0|5|0,1|12189|0|0
5305,0|0|5|0,1|12099|0|0
5306,0|0|5|0,1|12007|0|0
5307,0|0|5|0,1|12114|0|0
5308,0|0|5|0,1|12125|0|0
5309,0|0|5|0,1|12012|0|0
5310,0|0|5|0,1|12277|0|0
5311,0|0|5|0,1|12015|0|0
5312,0|0|5|0,1|12122|0|0
5313,0|0|5|12296,1|12122|0|1
5320,12103|0|5|0,25|12002|0|0
5321,12103|0|5|0,25|12003|0|0
5322,12103|0|5|0,25|12005|0|0
5323,12103|0|5|0,25|12007|0|0
5324,12103|0|5|0,25|12112|0|0
5325,12103|0|5|0,25|12113|0|0
5326,12103|0|5|0,25|12114|0|0
5327,12103|0|5|0,25|12008|0|0
5328,12103|0|5|0,25|12124|0|0
5329,12103|0|5|0,25|12121|0|0
5330,12103|0|5|0,25|12271|0|0
5340,12103|0|5|0,50|12004|0|0
5341,12103|0|5|0,50|12005|0|0
5342,12103|0|5|0,50|12007|0|0
5343,12103|0|5|0,50|12009|0|0
5344,12103|0|5|0,50|12124|0|0
5345,12103|0|5|0,50|12271|0|0
5346,12103|0|5|0,50|12294|0|0
5470,0|0|1|0,1|12103|0|0
5471,0|0|2|0,1|12103|0|0
5472,0|0|1|12099,2|12103|0|1
5473,0|0|1|12099,2|12103|0|1
5474,0|0|2|0,2|12103|0|0
5475,0|0|4|0,2|12103|0|0
5476,0|0|2|12101,3|12103|0|1
5477,0|0|2|12101,3|12103|0|1
5478,0|0|2|12101,3|12103|0|2
5479,0|0|3|0,1|12103|0|0
5480,0|0|6|0,1|12103|0|0
5481,0|0|3|12102,2|12103|0|1
5482,0|0|3|12102,2|12103|0|1
5483,0|0|5|0,3|12103|0|0
5484,0|0|10|0,3|12103|0|0
5485,0|0|5|12102,4|12103|0|2
5486,0|0|5|12102,4|12103|0|2
5487,0|0|6|12102,5|12103|0|3
5500,12399|0|2|0,1|10101|0|0
5501,12399|0|2|0,1|10102|0|0
5502,12399|0|2|0,1|10103|0|0
5503,12399|0|2|0,1|10104|0|0
5504,12399|0|2|0,1|10105|0|0
5505,12399|0|2|0,1|10106|0|0
5506,12399|0|3|0,1|10107|0|0
5507,12399|0|3|0,1|10108|0|0
5508,12399|0|3|0,1|10109|0|0
5509,12399|0|2|0,1|10132|0|0
5510,12399|0|20|0,10|10101|0|0
5511,12399|0|20|0,10|10102|0|0
5512,12399|0|20|0,10|10103|0|0
5513,12399|0|20|0,10|10104|0|0
5514,12399|0|20|0,10|10105|0|0
5515,12399|0|20|0,10|10106|0|0
5516,12399|0|30|0,10|10107|0|0
5517,12399|0|30|0,10|10108|0|0
5518,12399|0|30|0,10|10109|0|0
5519,12399|0|20|0,10|10132|0|0
5520,12400|0|2|0,1|10120|0|0
5521,12400|0|2|0,1|10121|0|0
5522,12400|0|2|0,1|10122|0|0
5523,12400|0|2|0,1|10123|0|0
5524,12400|0|2|0,1|10124|0|0
5525,12400|0|2|0,1|10125|0|0
5526,12400|0|3|0,1|10126|0|0
5527,12400|0|3|0,1|10127|0|0
5528,12400|0|3|0,1|10128|0|0
5529,12400|0|2|0,1|10134|0|0
5530,12400|0|20|0,10|10120|0|0
5531,12400|0|20|0,10|10121|0|0
5532,12400|0|20|0,10|10122|0|0
5533,12400|0|20|0,10|10123|0|0
5534,12400|0|20|0,10|10124|0|0
5535,12400|0|20|0,10|10125|0|0
5536,12400|0|30|0,10|10126|0|0
5537,12400|0|30|0,10|10127|0|0
5538,12400|0|30|0,10|10128|0|0
5539,12400|0|20|0,10|10134|0|0
5540,12398|0|2|12362,1|12092|0|1
5541,12398|0|2|12366,1|12092|0|1
5542,12398|0|2|12368,1|12092|0|1
5543,12398|0|2|12369,1|12092|0|1
5544,12398|0|2|12367,1|12092|0|1
5545,12398|0|2|12369,1|12092|0|1
5546,12398|0|2|12365,1|12092|0|2
5547,12398|0|2|12370,1|12092|0|1
5548,12398|0|2|12364,1|12092|0|1
5549,12398|0|2|12361,1|12092|0|1
5550,12398|0|2|12365,1|12092|0|1
5551,12398|0|2|12363,1|12092|0|1
5552,12398|0|2|12365,1|12092|0|1
6001,12503|0|0|0,1|0|0|0
6002,12503|0|0|0,1|0|0|0
6003,12503|0|0|0,1|0|0|0
6004,12503|0|0|0,1|0|0|0
6005,12503|0|0|0,1|0|0|0
6006,12503|0|0|0,1|0|0|0
6007,12503|0|0|0,1|0|0|0
6008,12503|0|0|0,1|0|0|0
6009,12503|0|0|0,1|0|0|0
6010,12503|0|0|0,1|0|0|0
6011,12504|0|0|0,1|0|0|0
6012,12504|0|0|0,1|0|0|0
6013,12504|0|0|0,1|0|0|0
6014,12504|0|0|0,1|0|0|0
6015,12504|0|0|0,1|0|0|0
6016,12504|0|0|0,1|0|0|0
6017,12504|0|0|0,1|0|0|0
6018,12504|0|0|0,1|0|0|0
6019,12504|0|0|0,1|0|0|0
6020,12504|0|0|0,1|0|0|0
