id,restriction,type,price,pricerate,weight,quality,material,pricevalue,usecondition,useeffect
1,0,311,224,1,1,10,5500,9,0|0,16|400
2,0,311,344,1,1,13,5501,9,0|0,16|600
3,0,311,490,1,1,15,5502,9,0|0,16|800
4,0,311,859,2,1,18,5503,9,0|0,16|1000
5,0,311,1080,3,1,20,5504,9,0|0,16|1200
6,0,311,1329,3,2,23,5505,9,0|0,16|1400
7,0,311,430,1,2,75,0,9,0|0,16|500
8,0,311,920,2,2,75,0,9,0|0,16|1000
9,0,311,1440,3,3,75,0,9,0|0,16|1500
10,0,311,1900,4,3,25,5506,9,0|0,16|1600
11,0,311,2221,5,3,28,5507,9,0|0,16|1800
12,0,311,2575,6,3,30,5508,9,0|0,16|2000
13,0,311,2100,5,4,75,0,9,0|0,16|2200
14,0,311,1329,5,4,35,5509,9,0|0,16|500
19,0,311,0,0,5,90,0,9,0|0,16|2000
21,0,311,179,1,1,10,5520,9,0|0,17|200
22,0,311,275,1,1,13,5521,9,0|0,17|300
23,0,311,392,1,2,15,5522,9,0|0,17|400
24,0,311,687,2,2,18,5523,9,0|0,17|500
25,0,311,864,2,3,20,5524,9,0|0,17|600
26,0,311,1063,3,3,23,5525,9,0|0,17|700
27,0,311,100,1,0,75,0,9,0|0,17|50
28,0,311,220,1,0,75,0,9,0|0,17|100
29,0,311,1520,4,4,25,5526,9,0|0,17|800
30,0,311,1771,4,4,28,5527,9,0|0,17|900
31,0,311,2055,5,5,30,5528,9,0|0,17|1000
32,0,311,2480,5,2,40,0,9,0|0,17|500
33,0,311,1063,5,5,35,5529,9,0|0,17|250
39,0,311,4125,0,7,90,0,9,0|0,17|2000
41,0,311,50,1,1,30,0,9,0|0,16|100
42,0,311,110,1,1,40,0,9,0|0,16|200
43,0,311,210,1,1,50,0,10,0|0,17|200
44,0,312,140,1,1,60,0,7,0|0,17|100
51,0,311,2000,1,1,10,0,0,0|0,0|0
52,0,311,4000,1,1,20,0,0,0|0,0|0
53,0,311,10000,1,1,30,0,0,0|0,0|0
54,0,311,20000,1,1,40,0,0,0|0,0|0
55,0,311,40000,1,1,50,0,0,0|0,0|0
56,0,311,120,1,1,10,0,0,0|0,76|100
57,0,311,248,1,1,20,0,0,0|0,76|200
58,0,311,640,1,1,30,0,0,0|0,76|500
59,0,311,1360,1,1,40,0,0,0|0,76|1000
60,0,311,2800,1,1,50,0,0,0|0,76|2000
62,6,320,0,0,1,50,0,0,0|0,16|300
63,6,320,0,0,3,50,0,0,0|0,16|500
64,6,320,0,0,5,50,0,0,0|0,16|1000
65,6,320,0,0,10,50,0,0,0|0,16|1500
66,6,320,0,0,1,50,0,0,0|0,17|200
67,6,320,0,0,3,50,0,0,0|0,17|400
68,6,320,0,0,5,50,0,0,0|0,17|800
69,6,320,0,0,10,50,0,0,0|0,17|1200
70,0,322,200,1,5,40,0,0,0|0,0|0
71,0,322,200,1,5,40,0,0,0|0,0|0
72,0,322,200,1,5,40,0,0,0|0,0|0
75,0,322,200,1,5,100,0,0,0|0,1|1801
76,0,322,200,1,5,100,0,0,0|0,1|1802
77,0,322,200,1,5,100,0,0,0|0,1|1803
78,0,322,200,1,5,100,0,0,0|0,1|1804
80,0,313,10,5,5,50,5540,0,0|0,0|3900
81,0,313,10,5,5,50,5541,0,0|0,0|3901
82,0,313,10,5,5,50,5542,0,0|0,0|3902
83,0,313,10,5,5,50,0,0,0|0,0|3903
84,0,313,10,5,5,50,5544,0,0|0,0|3904
85,0,313,10,5,5,50,5545,0,0|0,0|3905
86,0,313,10,5,5,50,5546,0,0|0,0|3906
87,0,313,10,5,5,50,5547,0,0|0,0|3907
88,0,313,10,5,5,50,5548,0,0|0,0|3908
89,0,313,10,5,5,50,5549,0,0|0,0|3909
90,0,313,10,5,5,50,5550,0,0|0,0|3910
91,0,313,10,5,5,50,5551,0,0|0,0|3911
92,0,313,10,5,5,50,0,0,0|0,0|3912
95,3,323,375000,0,1,40,0,0,0|0,0|20
96,3,323,125000,1,1,40,0,0,0|0,0|40
97,6,323,0,1,1,40,0,0,0|0,0|50
98,6,323,0,1,1,40,0,0,0|0,0|100
101,0,312,30,1,1,30,0,7,0|0,16|100
102,0,312,89,1,1,31,0,7,0|0,16|250
103,0,312,169,1,1,32,0,7,0|0,16|400
104,0,312,280,1,2,33,0,7,0|0,16|550
105,0,312,409,1,2,34,0,7,0|0,16|700
106,0,312,572,2,2,35,0,7,0|0,16|850
107,0,312,750,2,2,36,0,7,0|0,16|1000
108,0,312,968,2,3,37,0,7,0|0,16|1150
109,0,312,1192,3,3,38,0,7,0|0,16|1300
110,0,312,1222,3,3,39,0,7,0|0,16|1450
111,0,312,1253,3,4,40,0,7,0|0,16|1600
112,0,312,1284,3,4,41,0,7,0|0,16|1750
113,0,312,1316,3,4,42,0,7,0|0,16|1900
114,0,312,1349,3,5,43,0,7,0|0,16|2050
115,0,312,1383,3,5,44,0,7,0|0,16|2200
116,0,312,1418,3,5,45,0,7,0|0,16|2350
117,0,312,1553,4,5,46,0,7,0|0,16|2500
118,0,312,1592,4,6,47,0,7,0|0,16|2650
119,0,312,1632,4,6,48,0,7,0|0,16|2800
120,0,312,24,1,1,30,0,7,0|0,17|50
121,0,312,71,1,1,31,0,7,0|0,17|75
122,0,312,135,1,1,32,0,7,0|0,17|100
123,0,312,224,1,1,33,0,7,0|0,17|125
124,0,312,327,1,1,34,0,7,0|0,17|150
125,0,312,458,1,1,35,0,7,0|0,17|200
126,0,312,600,2,1,36,0,7,0|0,17|225
127,0,312,774,2,1,37,0,7,0|0,17|250
128,0,312,954,2,1,38,0,7,0|0,17|300
130,0,312,1097,2,2,39,0,7,0|0,17|325
131,0,312,1262,2,2,40,0,7,0|0,17|350
132,0,312,1315,1,3,49,0,7,0|0,16|1450
133,0,312,1611,1,4,50,0,7,0|0,16|1600
134,0,312,1134,2,2,41,0,7,0|0,17|400
135,0,312,1351,2,2,42,0,7,0|0,17|450
136,0,312,1962,1,4,51,0,7,0|0,16|1800
137,0,312,1514,2,2,43,0,7,0|0,17|500
141,0,312,30000,4,2,60,0,7,16|1000,17|500
142,0,312,150,1,1,50,0,7,0|0,16|500
143,0,312,10,0,1,10,0,5,0|0,16|300
144,0,312,10,0,1,10,0,5,0|0,17|150
145,0,312,50,1,1,10,0,5,0|0,16|500
146,0,312,1,0,2,10,0,5,0|0,16|550
147,0,312,1,0,2,10,0,5,0|0,17|325
148,0,312,150,1,1,50,0,5,0|0,16|500
149,0,312,1,0,2,10,0,5,0|0,16|550
150,0,312,1,0,2,10,0,5,0|0,17|325
151,0,320,0,0,0,0,0,0,0|0,16|50
152,0,320,0,0,0,0,0,0,0|0,16|100
153,0,320,0,0,0,0,0,0,0|0,16|200
154,0,320,0,0,0,0,0,0,0|0,16|300
155,0,320,0,0,0,0,0,0,0|0,16|500
156,0,320,0,0,0,0,0,0,0|0,16|700
157,0,320,0,0,0,0,0,0,0|0,16|1000
158,0,320,0,0,0,0,0,0,0|0,16|1500
159,0,320,0,0,0,0,0,0,0|0,16|2000
160,0,320,0,0,0,0,0,0,0|0,16|3000
161,0,320,0,0,0,0,0,0,0|0,17|30
162,0,320,0,0,0,0,0,0,0|0,17|50
163,0,320,0,0,0,0,0,0,0|0,17|100
164,0,320,0,0,0,0,0,0,0|0,17|200
165,0,320,0,0,0,0,0,0,0|0,17|300
166,0,320,0,0,0,0,0,0,0|0,17|500
167,0,320,0,0,0,0,0,0,0|0,17|700
168,0,320,0,0,0,0,0,0,0|0,17|1000
169,0,320,0,0,0,0,0,0,0|0,17|1500
170,0,320,0,0,0,0,0,0,0|0,17|2000
171,0,320,0,0,0,0,0,0,0|0,76|50
172,0,320,0,0,0,0,0,0,0|0,76|75
173,0,320,0,0,0,0,0,0,0|0,76|100
174,0,320,0,0,0,0,0,0,0|0,76|150
175,0,320,0,0,0,0,0,0,0|0,76|200
176,0,320,0,0,0,0,0,0,0|0,76|300
177,0,320,0,0,0,0,0,0,0|0,76|400
178,0,320,0,0,0,0,0,0,0|0,76|500
179,0,320,0,0,0,0,0,0,0|0,76|700
180,0,320,0,0,0,0,0,0,0|0,76|1000
181,2,320,0,0,0,0,0,0,0|0,92|1
182,2,320,0,0,0,0,0,0,0|0,92|2
183,2,320,0,0,0,0,0,0,0|0,92|3
184,2,320,0,0,0,0,0,0,0|0,92|5
185,2,320,0,0,0,0,0,0,0|0,92|7
186,2,320,0,0,0,0,0,0,0|0,92|10
187,2,320,0,0,0,0,0,0,0|0,92|15
188,2,320,0,0,0,0,0,0,0|0,92|20
189,2,320,0,0,0,0,0,0,0|0,92|25
190,2,320,0,0,0,0,0,0,0|0,92|30
191,2,320,0,0,0,0,0,0,0|0,92|100
192,0,312,1253,3,4,55,0,7,0|0,16|1600
193,0,312,1316,3,4,55,0,7,0|0,16|1900
194,0,312,1383,3,5,55,0,7,0|0,16|2200
195,0,312,986,2,2,55,0,7,0|0,17|800
196,0,312,1097,2,2,55,0,7,0|0,17|950
197,0,312,1262,2,3,55,0,7,0|0,17|1100
199,0,321,0,0,1,200,0,0,0|0,133|3
200,0,321,0,0,1,200,0,0,0|0,133|6
201,2,321,0,0,9999,0,0,0,0|0,0|0
202,6,321,0,0,1,0,0,0,0|0,0|0
203,0,321,0,0,1,200,0,0,0|0,133|432
204,0,321,0,0,1,200,0,0,0|0,133|144
210,0,313,6,5,1,15,5470,0,4|44,0|2860
211,0,313,6,5,1,15,5471,0,4|44,0|2861
212,0,313,6,5,1,15,5472,0,4|44,0|2862
213,0,313,6,5,1,15,5473,0,4|44,0|2863
214,0,313,10,5,2,23,5478,0,4|44,0|2868
215,0,313,8,5,2,19,5474,0,4|44,0|2864
216,0,313,8,5,2,19,5475,0,4|44,0|2865
217,0,313,8,5,2,19,5476,0,4|44,0|2866
218,0,313,8,5,2,19,5477,0,4|44,0|2867
219,0,313,12,5,3,24,5479,0,4|68,0|2869
220,0,313,12,5,3,24,5480,0,4|68,0|2870
221,0,313,12,5,3,24,5481,0,4|68,0|2871
222,0,313,12,5,3,24,5482,0,4|68,0|2872
223,0,313,16,5,4,32,5487,0,4|68,0|2877
224,0,313,14,5,4,28,5483,0,4|68,0|2873
225,0,313,14,5,4,28,5484,0,4|68,0|2874
226,0,313,14,5,4,28,5485,0,4|68,0|2875
227,0,313,14,5,4,28,5486,0,4|68,0|2876
230,0,322,0,1,1,55,0,0,0|0,1|1807
231,0,322,0,1,1,55,0,0,0|0,1|1808
232,0,322,0,1,1,55,0,0,0|0,1|1809
233,0,314,0,0,1,100,0,0,0|0,0|5596
240,0,313,10,1,1,10,0,0,0|0,0|2898
241,0,312,25,1,2,90,0,9,0|0,16|250
242,0,312,50,1,3,90,0,9,0|0,16|500
243,0,312,25,1,2,90,0,9,0|0,17|100
244,0,312,50,1,3,90,0,9,0|0,17|250
245,0,312,25,1,2,90,0,9,0|0,17|500
246,0,312,50,1,3,90,0,9,0|0,16|1000
247,0,322,25,1,2,50,0,0,0|0,0|2400
248,0,322,100,1,5,50,0,0,0|0,0|2401
249,0,322,150,1,10,50,0,0,0|0,0|2402
250,0,312,150,1,1,75,0,9,0|0,16|750
251,0,312,150,1,1,75,0,9,0|0,17|500
252,0,312,10,1,1,50,0,9,0|0,16|1000
253,0,312,10,1,1,50,0,9,0|0,16|2500
254,0,312,10,1,1,50,0,9,0|0,17|500
255,0,312,10,1,1,50,0,9,0|0,17|1000
256,0,322,100,1,2,40,0,0,0|0,0|2383
257,0,322,100,1,2,40,0,0,0|0,0|2384
258,0,322,100,1,2,50,0,0,0|0,0|1806
259,0,312,435,3,1,55,0,7,0|0,16|500
260,0,312,761,3,1,55,0,7,0|0,16|875
261,0,312,1305,3,2,55,0,7,0|0,16|1500
262,0,312,1958,3,2,55,0,7,0|0,16|2250
263,0,312,2458,3,3,55,0,7,0|0,16|2825
264,0,312,326,3,1,55,0,7,0|0,17|350
265,0,312,558,3,1,55,0,7,0|0,17|600
266,0,312,953,3,2,55,0,7,0|0,17|1025
267,0,312,1651,3,3,55,0,7,0|0,17|1775
268,0,322,0,1,1,75,0,0,0|0,1|1824
270,0,322,150,1,2,25,0,0,0|0,0|2050
271,0,322,150,1,2,25,0,0,0|0,0|2051
272,0,322,150,1,2,25,0,0,0|0,0|2052
273,0,322,150,1,2,25,0,0,0|0,0|2053
274,0,322,150,1,2,25,0,0,0|0,0|2054
275,0,322,150,1,2,25,0,0,0|0,0|2055
276,0,322,150,1,2,25,0,0,0|0,0|2056
278,6,324,0,5,5,50,0,0,0|0,0|100
279,0,319,5000,5,5,50,0,0,0|0,0|20
280,0,318,2000,5,5,50,0,0,0|0,0|10
281,0,318,4000,5,5,50,0,0,0|0,0|20
282,0,318,6000,5,5,50,0,0,0|0,0|30
283,6,318,0,5,5,50,0,0,0|0,0|100
284,6,318,0,5,5,50,0,0,0|0,0|80
285,0,322,200,1,5,0,0,0,0|0,0|1813
286,0,322,200,1,5,0,0,0,0|0,0|1814
287,0,322,200,1,5,0,0,0,0|0,0|1815
288,0,322,200,1,5,0,0,0,0|0,0|1816
289,0,322,200,1,5,0,0,0,0|0,0|1817
290,0,322,200,1,5,0,0,0,0|0,0|1818
291,0,315,300,5,5,50,0,0,0|0,0|0
292,0,315,1000,5,5,60,0,0,0|0,0|1
293,0,317,300,5,5,30,0,0,0|0,0|25
294,0,317,750,5,5,30,0,0,0|0,0|50
295,0,317,1800,5,5,30,0,0,0|0,0|100
296,0,318,8000,5,5,50,0,0,0|0,0|40
301,0,313,130,5,1,13,0,0,0|0,0|3101
302,0,313,180,5,1,14,0,0,0|0,0|3102
303,0,313,230,5,1,15,0,0,0|0,0|3103
304,0,313,20,5,1,10,0,0,0|0,0|3104
305,0,313,20,5,1,10,0,0,0|0,0|3105
306,0,313,340,5,1,17,0,0,0|0,0|3106
307,0,313,340,5,1,17,0,0,0|0,0|3107
308,0,313,410,5,1,18,0,0,0|0,0|3108
309,0,313,460,5,1,18,0,0,0|0,0|3109
310,0,313,460,5,1,18,0,0,0|0,0|3110
311,0,313,460,5,1,18,0,0,0|0,0|3111
312,0,313,460,5,1,18,0,0,0|0,0|3112
313,0,313,640,5,1,20,0,0,0|0,0|3113
314,0,313,640,5,1,20,0,0,0|0,0|3114
315,0,313,640,5,1,20,0,0,0|0,0|3115
316,0,313,920,5,1,23,0,0,0|0,0|3116
317,0,313,920,5,1,23,0,0,0|0,0|3117
318,0,313,920,5,1,23,0,0,0|0,0|3118
319,0,313,920,5,1,23,0,0,0|0,0|3119
320,0,313,20,5,1,10,0,0,0|0,0|3120
321,0,313,230,5,1,15,0,0,75|2,0|3121
322,0,313,300,5,1,16,0,0,75|2,0|3122
323,0,313,340,5,1,17,0,0,75|2,0|3123
326,0,313,2,5,1,11,0,0,0|0,0|3126
327,0,313,2,5,1,11,0,0,0|0,0|3127
331,0,313,100,0,0,10,0,0,0|0,0|3131
332,0,313,100,0,0,10,0,0,0|0,0|3132
333,0,313,100,0,0,10,0,0,0|0,0|3133
334,0,313,100,0,0,10,0,0,0|0,0|3134
335,0,313,100,0,0,10,0,0,0|0,0|3135
336,0,313,100,0,0,10,0,0,0|0,0|3136
337,0,313,100,0,0,10,0,0,0|0,0|3137
338,0,313,100,0,0,10,0,0,0|0,0|3138
339,0,313,100,0,0,10,0,0,0|0,0|3139
340,0,313,100,0,0,10,0,0,0|0,0|3140
341,0,322,200,1,2,50,0,0,0|0,0|1981
342,0,322,200,1,2,50,0,0,0|0,0|1982
343,0,322,200,1,2,50,0,0,0|0,0|1983
344,0,322,200,1,2,50,0,0,0|0,0|1985
345,0,322,200,1,2,50,0,0,0|0,0|1984
346,0,322,200,1,2,50,0,0,0|0,0|1986
347,0,322,200,1,2,50,0,0,0|0,0|1987
350,0,313,1000,5,1,10,0,0,0|0,0|3150
351,0,313,3000,5,1,10,0,0,0|0,0|3151
352,0,313,4800,5,1,10,0,0,31|10,0|3152
353,0,313,6400,5,1,12,0,0,0|0,0|3153
354,0,313,8000,5,1,12,0,0,0|0,0|3154
360,0,313,0,5,1,12,0,0,0|0,0|3291
361,0,313,0,5,1,12,0,0,0|0,0|3292
362,0,313,0,5,1,12,0,0,0|0,0|3293
363,0,313,0,5,1,12,0,0,0|0,0|3294
364,0,313,0,5,1,12,0,0,0|0,0|3295
365,0,313,0,5,1,12,0,0,0|0,0|3296
366,0,313,0,5,1,12,0,0,0|0,0|3297
367,0,313,0,5,1,12,0,0,0|0,0|3298
371,0,313,180,5,1,10,0,0,0|0,0|3171
372,0,313,200,5,1,10,0,0,0|0,0|3172
373,0,313,220,5,1,10,0,0,0|0,0|3173
374,0,313,260,5,1,10,0,0,0|0,0|3174
375,0,313,300,5,1,10,0,0,0|0,0|3175
376,0,313,340,5,1,10,0,0,0|0,0|3176
377,0,313,340,5,1,10,0,0,0|0,0|3191
378,0,313,0,0,1,10,0,0,0|0,0|3192
381,0,313,860,5,1,10,0,0,0|0,0|3181
382,0,313,900,5,1,10,0,0,0|0,0|3182
383,0,313,940,5,1,10,0,0,0|0,0|3183
386,0,313,2541,5,8,27,0,0,75|2,0|2845
387,0,313,2772,5,8,29,0,0,75|2,0|2846
388,0,313,2970,5,8,31,0,0,75|2,0|2847
389,0,313,3663,5,8,33,0,0,75|2,0|2848
390,0,313,0,5,1,10,0,0,0|0,0|3177
391,0,313,0,5,1,10,0,0,0|0,0|3178
392,0,313,0,5,1,10,0,0,0|0,0|3179
393,0,313,0,5,1,10,0,0,0|0,0|3180
394,0,313,0,5,1,10,0,0,0|0,0|3184
395,0,313,0,5,1,10,0,0,0|0,0|3185
396,0,313,0,5,1,10,0,0,0|0,0|3186
397,0,313,0,5,1,10,0,0,0|0,0|3187
398,0,313,250,5,1,10,0,0,0|0,0|3188
399,0,313,0,5,1,10,0,0,0|0,0|3189
400,0,313,0,5,1,10,0,0,0|0,0|3190
401,0,313,50,5,8,27,0,0,31|3,0|2801
402,0,313,70,5,11,28,0,0,31|6,0|2802
403,0,313,50,5,9,27,0,0,31|4,0|2803
404,0,313,90,5,12,28,0,0,31|8,0|2804
405,0,313,300,5,23,30,0,0,31|23,0|2805
406,0,313,120,5,14,28,0,0,31|10,0|2806
407,0,313,210,5,19,29,0,0,31|17,0|2807
408,6,313,0,5,16,29,0,0,0|0,0|2808
409,0,313,180,5,18,29,0,0,31|15,0|2809
410,6,313,0,5,22,30,0,0,0|0,0|2810
411,0,313,380,5,26,30,0,0,31|27,0|2811
412,0,313,240,5,20,29,0,0,31|19,0|2812
413,6,313,0,5,25,30,0,0,0|0,0|2813
414,6,313,0,5,20,29,0,0,0|0,0|2814
415,6,313,0,5,33,31,0,0,0|0,0|2815
416,0,313,1440,5,52,35,0,0,31|62,0|2816
417,6,313,0,5,30,31,0,0,0|0,0|2817
418,6,313,0,5,36,32,0,0,0|0,0|2818
419,0,313,1020,5,43,33,0,0,31|50,0|2819
420,6,313,0,5,48,34,0,0,0|0,0|2820
421,6,313,0,5,46,34,0,0,0|0,0|2821
422,0,313,1370,5,50,34,0,0,31|60,0|2822
423,0,313,1720,5,57,36,0,0,31|68,0|2823
424,0,313,900,5,41,33,0,0,31|47,0|2824
425,0,313,440,5,28,31,0,0,31|29,0|2825
426,6,313,0,5,39,32,0,0,0|0,0|2826
427,6,313,0,5,41,33,0,0,0|0,0|2827
428,0,313,930,5,41,33,0,0,31|48,0|2828
429,0,313,1520,5,53,35,0,0,31|64,0|2829
430,0,313,1640,5,55,35,0,0,31|67,0|2830
431,6,313,0,5,28,30,0,0,0|0,0|2832
432,6,313,0,5,29,32,0,0,0|0,0|2832
433,6,313,0,5,31,35,0,0,0|0,0|2833
434,0,313,2860,5,32,38,0,0,75|2,0|2834
435,0,313,3160,5,33,41,0,0,75|2,0|2835
436,0,313,3500,5,34,45,0,0,75|2,0|2836
437,0,313,3440,5,30,45,0,0,31|80,0|2837
438,6,313,0,5,30,45,0,0,0|0,0|2838
439,6,313,0,5,33,31,0,0,31|36,0|5504
441,0,314,2500,5,1,100,0,0,0|0,0|2256
442,0,314,2500,5,1,100,0,0,0|0,0|2266
443,0,314,2500,5,1,100,0,0,0|0,0|2286
444,0,314,2500,5,1,100,0,0,0|0,0|2296
445,0,314,2500,5,1,100,0,0,31|100,0|2301
446,0,314,5000,10,1,100,0,0,0|0,0|2306
447,0,314,5000,10,1,100,0,0,0|0,0|2316
448,0,314,5000,10,1,100,0,0,0|0,0|2326
449,0,314,5000,10,1,100,0,0,0|0,0|2336
450,0,314,2500,5,1,100,0,0,0|0,0|2346
451,0,314,2500,5,1,100,0,0,0|0,0|2351
452,0,314,2500,5,1,100,0,0,0|0,0|2356
453,0,314,2500,5,1,100,0,0,0|0,0|2366
454,0,314,2500,5,1,100,0,0,0|0,0|2371
455,0,314,2500,5,1,100,0,0,0|0,0|2376
456,0,314,2500,5,1,100,0,0,0|0,0|2381
457,0,314,2500,5,1,100,0,0,0|0,0|2391
458,0,314,5000,10,1,100,0,0,0|0,0|2401
459,0,314,2500,5,1,100,0,0,0|0,0|2406
460,0,314,2500,5,1,100,0,0,0|0,0|2416
461,0,314,7000,14,1,100,0,0,0|0,0|2426
462,0,314,7000,14,1,100,0,0,0|0,0|2431
463,0,314,2500,5,1,100,0,0,0|0,0|2436
464,0,314,2500,5,1,100,0,0,0|0,0|2441
465,0,314,5000,10,1,100,0,0,0|0,0|2461
466,0,314,5000,10,1,100,0,0,0|0,0|2466
467,0,314,5000,10,1,100,0,0,0|0,0|2476
468,0,314,5000,10,1,100,0,0,0|0,0|2481
469,0,314,5000,10,1,100,0,0,0|0,0|2486
470,0,314,5000,10,1,100,0,0,0|0,0|2496
471,0,314,5000,10,1,100,0,0,0|0,0|2506
472,0,314,5000,10,1,100,0,0,0|0,0|2516
473,0,314,5000,10,1,100,0,0,0|0,0|2526
474,0,314,5000,10,1,100,0,0,0|0,0|2536
475,0,314,5000,10,1,100,0,0,0|0,0|2546
476,0,314,5000,10,1,100,0,0,0|0,0|2556
477,0,314,5000,10,1,100,0,0,0|0,0|2566
478,0,314,5000,10,1,100,0,0,0|0,0|2576
479,0,314,5000,10,1,100,0,0,0|0,0|2586
480,0,314,5000,10,1,100,0,0,0|0,0|2596
481,0,314,5000,10,1,100,0,0,0|0,0|2606
482,0,314,5000,10,1,100,0,0,0|0,0|2616
483,0,314,2500,5,1,100,0,0,0|0,0|2626
484,0,314,5000,10,1,100,0,0,0|0,0|2636
485,0,314,2500,5,1,100,0,0,0|0,0|2646
486,0,314,5000,10,1,100,0,0,0|0,0|2656
487,0,314,5000,10,1,100,0,0,0|0,0|2666
488,0,314,5000,10,1,100,0,0,0|0,0|2676
489,0,314,5000,10,1,100,0,0,0|0,0|2686
490,0,314,5000,10,1,100,0,0,0|0,0|2696
491,0,314,5000,10,1,100,0,0,0|0,0|2706
492,0,314,5000,10,1,100,0,0,0|0,0|2716
493,0,314,5000,10,1,100,0,0,0|0,0|2726
494,0,314,5000,10,1,100,0,0,0|0,0|2736
495,0,314,5000,10,1,100,0,0,0|0,0|2746
496,0,313,100,5,50,30,0,0,0|0,0|2892
497,0,314,5000,10,1,100,0,0,0|0,0|2756
498,0,314,5000,10,1,100,0,0,0|0,0|2766
499,0,314,5000,10,1,100,0,0,0|0,0|2776
501,2,316,0,0,0,10,0,0,0|0,0|0
502,2,316,0,0,0,10,0,0,0|0,0|0
503,2,316,0,0,0,10,0,0,0|0,0|0
504,2,316,0,0,0,10,0,0,0|0,0|0
505,2,316,0,0,0,10,0,0,0|0,0|0
506,2,316,0,0,0,10,0,0,0|0,0|0
507,2,316,0,0,0,10,0,0,0|0,0|0
508,2,316,0,0,0,10,0,0,0|0,0|0
509,2,316,0,0,0,10,0,0,0|0,0|0
510,2,316,0,0,0,10,0,0,0|0,0|0
521,0,314,9500,19,1,100,0,0,0|0,0|741
522,0,314,11500,24,1,100,0,0,0|0,0|751
523,0,314,5000,10,1,100,0,0,0|0,0|761
524,0,314,7000,14,1,100,0,0,0|0,0|771
525,0,314,7000,14,1,100,0,0,0|0,0|781
526,0,314,1500,14,1,100,0,0,0|0,0|1976
527,0,314,11500,14,1,100,0,0,0|0,0|1966
551,3,316,0,0,0,10,0,0,0|0,0|0
560,0,314,20000,40,1,100,0,0,31|50,0|4401
561,0,314,20000,40,1,100,0,0,0|0,0|4801
562,0,314,20000,40,1,100,0,0,31|100,0|4811
563,0,314,20000,40,1,100,0,0,31|0,0|0
564,0,314,20000,40,1,100,0,0,31|0,0|0
565,0,314,20000,40,1,100,0,0,31|100,0|4601
566,0,314,20000,40,1,100,0,0,31|0,0|0
567,0,314,20000,40,1,100,0,0,31|100,0|4001
568,0,314,20000,40,1,100,0,0,31|100,0|4002
569,0,314,20000,40,1,100,0,0,31|100,0|4211
590,6,314,0,0,1,100,0,0,0|0,0|5501
591,6,314,0,0,1,100,0,0,0|0,0|5502
592,6,314,0,0,1,100,0,0,0|0,0|5701
593,6,314,0,0,1,100,0,0,0|0,0|5901
594,6,313,0,0,1,100,0,0,0|0,0|5503
595,6,314,0,0,1,100,0,0,0|0,0|5500
596,0,314,0,0,1,100,0,0,0|0,0|50
600,6,314,0,0,1,100,0,0,0|0,0|25
601,6,314,0,0,1,100,0,0,0|0,0|26
602,6,314,0,0,1,100,0,0,0|0,0|27
603,6,314,0,0,1,100,0,0,0|0,0|28
604,6,314,0,0,1,100,0,0,0|0,0|29
605,6,314,0,0,1,100,0,0,0|0,0|30
606,6,314,0,0,1,100,0,0,0|0,0|31
607,6,314,0,0,1,100,0,0,0|0,0|32
608,6,314,0,0,1,100,0,0,0|0,0|33
609,6,314,0,0,1,100,0,0,0|0,0|2839
610,6,314,0,0,1,100,0,0,0|0,0|2844
611,0,314,1000,2,1,100,0,0,0|0,0|201
612,0,314,1500,3,1,100,0,0,0|0,0|211
613,0,314,1000,2,1,100,0,0,0|0,0|221
614,0,314,1000,2,1,100,0,0,0|0,0|231
615,0,314,1500,3,1,100,0,0,0|0,0|236
616,0,314,1500,3,1,100,0,0,0|0,0|241
617,0,314,1000,2,1,100,0,0,0|0,0|251
618,0,314,1500,3,1,100,0,0,0|0,0|261
619,0,314,1000,2,1,100,0,0,0|0,0|271
620,0,314,1000,2,1,100,0,0,0|0,0|281
621,0,314,1500,3,1,100,0,0,0|0,0|291
622,0,314,1500,3,1,100,0,0,0|0,0|301
623,0,314,1500,3,1,100,0,0,0|0,0|306
624,0,314,5000,10,1,100,0,0,31|50,0|311
625,0,314,1000,2,1,100,0,0,0|0,0|316
626,0,314,1500,3,1,100,0,0,0|0,0|326
627,0,314,2500,5,1,100,0,0,0|0,0|336
628,0,314,1500,3,1,100,0,0,0|0,0|346
629,0,314,5000,10,1,100,0,0,0|0,0|351
630,0,314,1500,3,1,100,0,0,0|0,0|356
631,0,314,2500,5,1,100,0,0,0|0,0|366
632,0,314,1500,3,1,100,0,0,0|0,0|376
633,0,314,5000,10,1,100,0,0,0|0,0|381
634,0,314,1500,3,1,100,0,0,0|0,0|386
635,0,314,2500,5,1,100,0,0,0|0,0|396
636,0,314,1500,3,1,100,0,0,0|0,0|406
637,0,314,5000,10,1,100,0,0,0|0,0|411
638,0,314,1000,2,1,100,0,0,0|0,0|416
639,0,314,2500,5,1,100,0,0,0|0,0|421
640,0,314,0,0,1,100,0,0,0|0,0|426
641,0,314,2500,5,1,100,0,0,0|0,0|431
642,0,314,2500,5,1,100,0,0,0|0,0|441
643,0,314,5000,10,1,100,0,0,0|0,0|451
644,0,314,5000,10,1,100,0,0,0|0,0|461
645,0,314,2500,5,1,100,0,0,0|0,0|481
646,0,314,2500,5,1,100,0,0,0|0,0|491
647,0,314,7000,14,1,100,0,0,0|0,0|496
648,0,314,1000,2,1,100,0,0,0|0,0|501
649,0,314,2500,5,1,100,0,0,0|0,0|506
650,0,314,5000,10,1,100,0,0,0|0,0|516
651,0,314,0,0,1,100,0,0,0|0,0|526
652,0,314,2500,5,1,100,0,0,0|0,0|531
653,0,314,2500,5,1,100,0,0,0|0,0|541
654,0,314,5000,10,1,100,0,0,0|0,0|551
655,0,314,5000,10,1,100,0,0,0|0,0|561
656,0,314,7000,14,1,100,0,0,0|0,0|581
657,0,314,5000,10,1,100,0,0,0|0,0|591
658,0,314,2500,5,1,100,0,0,0|0,0|596
659,0,314,9500,19,1,100,0,0,0|0,0|601
660,0,314,5000,10,1,100,0,0,0|0,0|611
661,0,314,7000,14,1,100,0,0,0|0,0|631
662,0,314,5000,10,1,100,0,0,0|0,0|641
663,0,314,2500,5,1,100,0,0,0|0,0|646
664,0,314,9500,19,1,100,0,0,0|0,0|651
665,0,314,5000,10,1,100,0,0,0|0,0|661
666,0,314,7000,14,1,100,0,0,0|0,0|681
667,0,314,5000,10,1,100,0,0,0|0,0|691
668,0,314,2500,5,1,100,0,0,0|0,0|696
669,0,314,9500,19,1,100,0,0,0|0,0|701
670,0,314,2500,5,1,100,0,0,0|0,0|711
671,0,314,5000,10,1,100,0,0,0|0,0|716
672,0,314,2500,5,1,100,0,0,0|0,0|721
673,0,314,5000,10,1,100,0,0,0|0,0|787
674,0,314,7000,14,1,100,0,0,0|0,0|731
675,0,314,2500,5,1,100,0,0,0|0,0|6100
676,0,314,1000,2,1,100,0,0,0|0,0|801
677,0,314,1500,3,1,100,0,0,0|0,0|821
678,0,314,2500,5,1,100,0,0,0|0,0|831
679,0,314,1500,3,1,100,0,0,0|0,0|841
680,0,314,2500,5,1,100,0,0,0|0,0|846
681,0,314,1500,3,1,100,0,0,0|0,0|851
682,0,314,2500,5,1,100,0,0,0|0,0|861
683,0,314,2500,5,1,100,0,0,0|0,0|871
684,0,314,5000,10,1,100,0,0,0|0,0|876
685,0,314,2500,5,1,100,0,0,0|0,0|881
686,0,314,5000,10,1,100,0,0,0|0,0|886
687,0,314,1000,2,1,100,0,0,0|0,0|891
688,0,314,1000,2,1,100,0,0,0|0,0|901
689,0,314,1000,2,1,100,0,0,0|0,0|911
690,0,314,1500,3,1,100,0,0,0|0,0|921
691,0,314,1500,3,1,100,0,0,0|0,0|926
692,0,314,1000,2,1,100,0,0,0|0,0|931
693,0,314,1500,3,1,100,0,0,0|0,0|951
694,0,314,2500,5,1,100,0,0,0|0,0|961
695,0,314,2500,5,1,100,0,0,0|0,0|971
696,0,314,2500,5,1,100,0,0,0|0,0|976
697,0,314,1500,3,1,100,0,0,0|0,0|981
698,0,314,1500,3,1,100,0,0,0|0,0|986
699,0,314,1500,3,1,100,0,0,0|0,0|996
700,0,314,1000,2,1,100,0,0,0|0,0|1006
701,0,314,1500,3,1,100,0,0,0|0,0|1011
702,0,314,1500,3,1,100,0,0,0|0,0|1021
703,0,314,1500,3,1,100,0,0,0|0,0|1031
704,0,314,1500,3,1,100,0,0,0|0,0|1036
705,0,314,2500,5,1,100,0,0,0|0,0|1041
706,0,314,0,0,1,100,0,0,0|0,0|1046
707,0,314,2500,5,1,100,0,0,0|0,0|1051
708,0,314,5000,10,1,100,0,0,0|0,0|1071
709,0,314,5000,10,1,100,0,0,0|0,0|1081
710,0,314,7000,14,1,100,0,0,0|0,0|1086
711,0,314,7000,14,1,100,0,0,0|0,0|1096
712,0,314,5000,10,1,100,0,0,0|0,0|1101
713,0,314,5000,10,1,100,0,0,0|0,0|1106
714,0,314,7000,14,1,100,0,0,0|0,0|1111
715,0,314,9500,19,1,100,0,0,0|0,0|1116
716,0,314,5000,10,1,100,0,0,0|0,0|1121
717,0,314,5000,10,1,100,0,0,0|0,0|1126
718,0,314,7000,14,1,100,0,0,0|0,0|1131
719,0,314,2500,5,1,100,0,0,0|0,0|1136
720,0,314,5000,10,1,100,0,0,0|0,0|1141
721,0,314,2500,5,1,100,0,0,0|0,0|1151
722,0,314,7000,14,1,100,0,0,0|0,0|1161
723,0,314,9500,19,1,100,0,0,0|0,0|1171
724,0,314,2500,5,1,100,0,0,31|100,0|1176
725,0,314,0,0,1,100,0,0,0|0,0|1181
726,0,314,2500,0,1,100,0,0,0|0,0|1186
727,0,314,5000,10,1,100,0,0,0|0,0|1206
728,0,314,5000,10,1,100,0,0,0|0,0|1211
729,0,314,7000,14,1,100,0,0,0|0,0|1221
730,0,314,7000,14,1,100,0,0,0|0,0|1226
731,0,314,9500,19,1,100,0,0,0|0,0|1236
732,0,314,5000,10,1,100,0,0,0|0,0|1241
733,0,314,5000,10,1,100,0,0,0|0,0|1246
734,0,314,7000,14,1,100,0,0,0|0,0|1256
735,0,314,7000,14,1,100,0,0,0|0,0|1261
736,0,314,5000,10,1,100,0,0,0|0,0|1266
737,0,314,5000,10,1,100,0,0,0|0,0|1271
738,0,314,5000,10,1,100,0,0,0|0,0|1276
739,0,314,7000,14,1,100,0,0,0|0,0|1286
740,0,314,2500,5,1,100,0,0,0|0,0|1296
741,0,314,2500,5,1,100,0,0,0|0,0|1306
742,0,314,2500,5,1,100,0,0,0|0,0|1316
743,0,314,5000,5,1,100,0,0,0|0,0|6051
744,0,314,7000,5,1,100,0,0,0|0,0|6071
745,0,314,9500,5,1,100,0,0,0|0,0|6081
746,0,314,1000,2,1,100,0,0,0|0,0|1401
747,0,314,1000,2,1,100,0,0,0|0,0|1411
748,0,314,1500,3,1,100,0,0,0|0,0|1431
749,0,314,1500,3,1,100,0,0,0|0,0|1441
750,0,314,1000,2,1,100,0,0,0|0,0|1451
751,0,314,1000,2,1,100,0,0,0|0,0|1461
752,0,314,1500,3,1,100,0,0,0|0,0|1471
753,0,314,2500,5,1,100,0,0,0|0,0|1476
754,0,314,2500,5,1,100,0,0,0|0,0|1486
755,0,314,1500,3,1,100,0,0,0|0,0|1496
756,0,314,5000,10,1,100,0,0,0|0,0|1501
757,0,314,1000,2,1,100,0,0,0|0,0|1506
758,0,314,1500,3,1,100,0,0,0|0,0|1511
759,0,314,1000,2,1,100,0,0,0|0,0|1516
760,0,314,1000,2,1,100,0,0,0|0,0|1521
761,0,314,1500,3,1,100,0,0,0|0,0|1541
762,0,314,1500,3,1,100,0,0,0|0,0|1551
763,0,314,1500,3,1,100,0,0,0|0,0|1561
764,0,314,2500,5,1,100,0,0,0|0,0|1571
765,0,314,2500,5,1,100,0,0,0|0,0|1581
766,0,314,2500,5,1,100,0,0,0|0,0|1591
767,0,314,2500,5,1,100,0,0,0|0,0|1601
768,0,314,1500,3,1,100,0,0,0|0,0|1606
769,0,314,1500,3,1,100,0,0,0|0,0|1616
770,0,314,5000,10,1,100,0,0,0|0,0|1626
771,0,314,2500,5,1,100,0,0,0|0,0|1631
772,0,314,2500,5,1,100,0,0,0|0,0|1636
773,0,314,5000,10,1,100,0,0,0|0,0|1641
774,0,314,2500,5,1,100,0,0,0|0,0|1646
775,0,314,2500,5,1,100,0,0,0|0,0|1651
776,0,314,0,0,1,100,0,0,0|0,0|1656
777,0,314,2500,5,1,100,0,0,0|0,0|1661
778,0,314,5000,10,1,100,0,0,0|0,0|1681
779,0,314,5000,10,1,100,0,0,0|0,0|1691
780,0,314,5000,10,1,100,0,0,0|0,0|1701
781,0,314,5000,10,1,100,0,0,0|0,0|1711
782,0,314,2500,5,1,100,0,0,0|0,0|1716
783,0,314,2500,5,1,100,0,0,0|0,0|1721
784,0,314,7000,14,1,100,0,0,0|0,0|1731
785,0,314,7000,14,1,100,0,0,0|0,0|1736
786,0,314,7000,14,1,100,0,0,0|0,0|1746
787,0,314,7000,14,1,100,0,0,0|0,0|1756
788,0,314,2500,5,1,100,0,0,31|100,0|1761
789,0,314,2500,5,1,100,0,0,31|100,0|1766
790,0,314,1000,2,1,100,0,0,0|0,0|1771
791,0,314,0,0,1,100,0,0,0|0,0|1776
792,0,314,2500,5,1,100,0,0,0|0,0|1781
793,0,314,2500,5,1,100,0,0,0|0,0|1801
794,0,314,5000,10,1,100,0,0,0|0,0|1811
795,0,314,5000,10,1,100,0,0,0|0,0|1816
796,0,314,5000,10,1,100,0,0,0|0,0|1826
797,0,314,5000,10,1,100,0,0,0|0,0|1836
798,0,314,5000,10,1,100,0,0,0|0,0|1841
799,0,314,7000,14,1,100,0,0,0|0,0|1851
800,0,314,7000,14,1,100,0,0,0|0,0|1856
801,0,314,5000,10,1,100,0,0,0|0,0|1861
802,0,314,5000,10,1,100,0,0,0|0,0|1871
803,0,314,5000,10,1,100,0,0,0|0,0|1876
804,0,314,5000,10,1,100,0,0,0|0,0|1881
805,0,314,5000,10,1,100,0,0,0|0,0|1886
806,0,314,5000,10,1,100,0,0,0|0,0|1891
807,0,314,5000,10,1,100,0,0,0|0,0|1896
808,0,314,7000,14,1,100,0,0,0|0,0|1906
809,0,314,7000,14,1,100,0,0,0|0,0|1916
810,0,314,5000,10,1,100,0,0,0|0,0|1926
811,0,314,5000,10,1,100,0,0,0|0,0|1936
812,0,314,7000,14,1,100,0,0,0|0,0|1946
813,0,314,7000,14,1,100,0,0,0|0,0|1951
814,0,314,9500,19,1,100,0,0,0|0,0|1956
816,0,314,1000,2,1,100,0,0,0|0,0|2001
817,0,314,1000,2,1,100,0,0,0|0,0|2011
818,0,314,1000,2,1,100,0,0,0|0,0|2031
819,0,314,1000,2,1,100,0,0,0|0,0|2036
820,0,314,1000,2,1,100,0,0,0|0,0|2046
821,0,314,1000,2,1,100,0,0,0|0,0|2051
822,0,314,1000,2,1,100,0,0,0|0,0|2056
823,0,314,1500,3,1,100,0,0,0|0,0|2061
824,0,314,5000,10,1,100,0,0,0|0,0|2071
825,0,314,1500,3,1,100,0,0,0|0,0|2076
826,0,314,1000,2,1,100,0,0,0|0,0|2086
827,0,314,1500,3,1,100,0,0,0|0,0|2091
828,0,314,1500,3,1,100,0,0,0|0,0|2096
829,0,314,2500,5,1,100,0,0,0|0,0|2101
830,0,314,2500,5,1,100,0,0,0|0,0|2106
831,0,314,1500,3,1,100,0,0,0|0,0|2111
832,0,314,1000,2,1,100,0,0,0|0,0|2116
833,0,314,1000,2,1,100,0,0,0|0,0|2126
834,0,314,1000,2,1,100,0,0,0|0,0|2136
835,0,314,1000,2,1,100,0,0,0|0,0|2146
836,0,314,1500,3,1,100,0,0,0|0,0|2156
837,0,314,1500,3,1,100,0,0,0|0,0|2166
838,0,314,1500,3,1,100,0,0,0|0,0|2176
839,0,314,1500,3,1,100,0,0,0|0,0|2186
840,0,314,1500,3,1,100,0,0,0|0,0|2196
841,0,314,1500,3,1,100,0,0,0|0,0|2206
842,0,314,1500,3,1,100,0,0,0|0,0|2216
843,0,314,1500,3,1,100,0,0,0|0,0|2226
844,0,314,1500,3,1,100,0,0,0|0,0|2236
845,0,314,1500,3,1,100,0,0,0|0,0|2246
847,6,314,0,0,1,100,0,0,0|0,0|5601
848,6,314,0,0,1,100,0,0,0|0,0|5602
849,6,314,0,0,1,100,0,0,0|0,0|5603
850,6,314,0,0,1,100,0,0,0|0,0|5604
851,6,314,0,0,1,100,0,0,0|0,0|5605
852,6,314,0,0,1,100,0,0,0|0,0|5606
853,6,314,0,0,1,100,0,0,0|0,0|5607
854,6,314,0,0,1,100,0,0,0|0,0|5608
855,6,314,0,0,1,100,0,0,0|0,0|5702
856,6,314,0,0,1,100,0,0,0|0,0|5703
857,6,314,0,0,1,100,0,0,0|0,0|5704
858,6,314,0,0,1,100,0,0,0|0,0|5705
859,6,314,0,0,1,100,0,0,0|0,0|5801
860,6,314,0,0,1,100,0,0,0|0,0|5802
861,6,314,0,0,1,100,0,0,0|0,0|5803
862,6,314,0,0,1,100,0,0,0|0,0|5804
863,6,314,0,0,1,100,0,0,0|0,0|5805
864,6,314,0,0,1,100,0,0,0|0,0|5806
865,6,314,0,0,1,100,0,0,0|0,0|5902
866,6,314,0,0,1,100,0,0,0|0,0|5903
867,6,314,0,0,1,100,0,0,0|0,0|5904
868,6,314,0,0,1,100,0,0,0|0,0|5905
871,3,314,0,0,0,0,0,0,0|0,0|3201
872,3,314,0,0,0,0,0,0,0|0,0|3202
873,3,314,0,0,0,0,0,0,0|0,0|3203
874,3,314,0,0,0,0,0,0,0|0,0|3204
875,3,314,0,0,0,0,0,0,0|0,0|3205
876,3,314,0,0,0,0,0,0,0|0,0|3210
877,3,314,0,0,0,0,0,0,0|0,0|3213
878,3,314,0,0,0,0,0,0,0|0,0|3215
879,3,314,0,0,0,0,0,0,0|0,0|3216
880,3,314,0,0,0,0,0,0,0|0,0|3217
881,3,314,0,0,0,0,0,0,0|0,0|3218
882,3,314,0,0,0,0,0,0,0|0,0|3219
883,3,314,0,0,0,0,0,0,0|0,0|3206
884,3,314,0,0,0,0,0,0,0|0,0|3207
885,3,314,0,0,0,0,0,0,0|0,0|3208
886,3,314,0,0,0,0,0,0,0|0,0|3209
887,3,314,0,0,0,0,0,0,0|0,0|3211
888,3,314,0,0,0,0,0,0,0|0,0|3212
889,3,314,0,0,0,0,0,0,0|0,0|3214
891,0,314,1500,5,1,100,0,0,0|0,0|6001
892,0,314,2500,5,1,100,0,0,0|0,0|6021
893,0,314,5000,5,1,100,0,0,0|0,0|6031
895,3,314,150,0,0,0,0,0,0|0,0|3220
896,3,314,150,0,0,0,0,0,0|0,0|3221
898,6,323,0,0,1,40,0,0,0|0,0|20
900,0,323,0,0,1,40,0,0,0|0,0|20
901,0,323,0,1,1,40,0,0,0|0,0|40
902,6,323,0,1,1,40,0,0,0|0,0|50
903,6,323,0,1,1,40,0,0,0|0,0|100
905,6,322,0,1,1,40,0,0,0|0,0|0
906,6,322,0,1,1,40,0,0,0|0,0|0
907,6,322,0,1,1,40,0,0,0|0,0|0
911,2,311,2000,1,0,80,0,0,0|0,37|1
912,2,313,100,1,1,10,0,0,0|0,0|2891
913,0,313,500,1,1,10,0,0,0|0,0|3270
914,2,313,100,1,1,10,0,0,0|0,0|2893
915,2,313,100,1,1,10,0,0,0|0,0|2893
916,2,313,20,1,1,10,0,0,0|0,0|2894
917,2,313,20,1,1,10,0,0,0|0,0|2895
918,0,313,1,1,1,10,0,0,0|0,0|2898
919,0,313,1,1,1,10,0,0,0|0,0|2899
920,0,313,500,1,1,10,0,0,0|0,0|3265
921,0,313,200,1,1,10,0,0,0|0,0|3271
922,0,313,300,1,1,10,0,0,0|0,0|3272
923,0,313,450,1,1,10,0,0,0|0,0|3273
924,0,313,200,1,1,10,0,0,0|0,0|3274
925,0,313,300,1,1,10,0,0,0|0,0|3275
926,0,313,450,1,1,10,0,0,0|0,0|3276
927,0,313,200,1,1,10,0,0,0|0,0|3277
928,0,313,300,1,1,10,0,0,0|0,0|3278
929,0,313,450,1,1,10,0,0,0|0,0|3279
930,0,313,500,1,1,10,0,0,0|0,0|3285
931,0,313,500,1,1,10,0,0,0|0,0|3286
932,0,313,500,1,1,10,0,0,0|0,0|3287
933,0,313,500,1,1,10,0,0,0|0,0|3288
934,0,313,500,1,1,10,0,0,0|0,0|3289
935,0,313,2000,1,1,10,0,0,0|0,0|3290
936,6,322,150,1,2,25,0,0,0|0,0|1810
937,6,313,100,5,1,11,0,0,0|0,0|3125
938,6,322,150,1,2,25,0,0,0|0,0|1811
939,6,322,150,1,2,25,0,0,0|0,0|1812
940,0,313,50,5,5,27,0,0,0|0,0|2840
941,0,313,50,5,5,27,0,0,0|0,0|2841
942,0,313,50,5,5,27,0,0,0|0,0|2842
943,0,313,1,1,1,23,0,0,0|0,0|3530
944,0,313,100,5,1,30,0,0,0|0,0|3531
945,6,313,0,1,1,12,0,0,0|0,0|2843
946,0,322,200,1,1,100,0,0,0|0,1|1805
947,0,313,0,5,1,18,0,0,0|0,0|2897
948,2,321,0,0,9999,0,0,0,0|0,0|0
949,0,316,0,0,0,10,0,0,0|0,0|0
950,0,321,100000,0,1,100,0,0,0|0,138|3
951,0,315,0,5,1,60,0,0,0|0,0|1
952,6,321,0,0,1,10,0,0,0|0,94|1008
953,6,321,0,0,1,10,0,0,0|0,95|1008
954,6,321,0,0,1,1,0,0,0|0,96|1440
955,6,321,0,0,1,3,0,0,0|0,96|1440
956,6,321,0,0,1,2,0,0,0|0,96|1440
957,6,321,0,0,1,5,0,0,0|0,96|1440
958,6,321,0,0,1,6,0,0,0|0,96|1440
959,0,321,5000,0,1,7,0,0,0|0,96|144
960,0,313,100,5,1,30,0,0,0|0,0|3546
961,6,313,0,5,1,30,0,0,0|0,0|3281
962,6,313,0,5,1,30,0,0,0|0,0|3282
963,6,313,0,5,1,30,0,0,0|0,0|3283
964,6,313,0,5,1,30,0,0,0|0,0|3284
965,6,313,0,5,1,30,0,0,0|0,0|3280
966,6,313,0,5,1,30,0,0,0|0,0|3300
971,6,313,0,5,0,10,0,0,0|0,0|5585
972,6,313,0,5,0,10,0,0,0|0,0|5586
973,6,313,0,5,0,10,0,0,0|0,0|5587
974,6,313,0,5,0,10,0,0,0|0,0|5590
975,6,313,0,5,0,10,0,0,0|0,0|5591
976,6,313,0,5,0,10,0,0,0|0,0|5592
977,6,313,0,5,0,10,0,0,0|0,0|5593
978,6,313,0,5,0,10,0,0,0|0,0|5594
980,0,311,10,5,1,90,0,9,0|0,16|2000
981,5,313,10,5,1,18,0,0,0|0,0|3915
982,5,313,10,5,1,18,0,0,0|0,0|3916
983,5,313,10,5,1,18,0,0,0|0,0|3917
984,5,313,10,5,1,18,0,0,0|0,0|3918
985,5,313,10,5,1,18,0,0,0|0,0|3919
986,0,311,10,5,1,90,0,9,0|0,17|1000
987,6,313,0,5,1,18,0,0,0|0,0|3917
988,6,313,0,5,1,18,0,0,0|0,0|3918
991,0,313,500,5,0,10,0,0,0|0,0|3261
992,0,313,500,5,0,10,0,0,0|0,0|3262
993,0,313,500,5,0,10,0,0,0|0,0|3263
994,0,313,500,5,0,10,0,0,0|0,0|3264
995,0,313,50,5,0,10,0,0,0|0,0|3264
996,6,322,0,1,1,100,0,0,0|0,1|1905
997,6,322,0,1,1,100,0,0,0|0,1|1901
998,6,322,0,1,1,100,0,0,0|0,1|1902
999,6,322,0,1,1,100,0,0,0|0,1|1903
1000,6,322,0,1,1,100,0,0,0|0,1|1904
1001,0,322,200,1,2,30,0,0,0|0,0|2001
1002,0,322,200,1,2,30,0,0,0|0,0|2002
1003,0,322,200,1,2,30,0,0,0|0,0|2003
1004,0,322,200,1,2,30,0,0,0|0,0|2004
1005,0,322,200,1,2,30,0,0,0|0,0|2005
1006,0,322,200,1,2,30,0,0,0|0,0|2006
1007,0,322,200,1,2,30,0,0,0|0,0|2007
1008,0,322,200,1,2,30,0,0,0|0,0|2008
1009,0,322,200,1,2,30,0,0,0|0,0|2009
1010,0,322,200,1,2,30,0,0,0|0,0|2010
1011,0,322,200,1,2,30,0,0,0|0,0|2011
1012,0,322,200,1,2,30,0,0,0|0,0|2012
1013,0,322,200,1,2,30,0,0,0|0,0|2013
1014,0,322,200,1,3,30,0,0,0|0,0|2014
1015,0,322,200,1,3,30,0,0,0|0,0|2015
1016,0,322,200,1,3,30,0,0,0|0,0|2016
1017,0,322,200,1,3,30,0,0,0|0,0|2017
1018,0,322,200,1,3,30,0,0,0|0,0|2018
1019,0,322,200,1,3,30,0,0,0|0,0|2019
1020,0,322,200,1,3,30,0,0,0|0,0|2020
1021,0,322,200,1,3,30,0,0,0|0,0|2021
1022,0,322,200,1,3,30,0,0,0|0,0|2022
1023,0,322,200,1,3,30,0,0,0|0,0|2023
1024,0,322,200,1,3,30,0,0,0|0,0|2024
1025,0,322,200,1,3,30,0,0,0|0,0|2025
1026,0,322,200,1,3,30,0,0,0|0,0|2026
1027,0,322,200,1,5,30,0,0,0|0,0|2027
1028,0,322,200,1,5,30,0,0,0|0,0|2028
1030,0,313,0,5,1,12,0,0,0|0,0|3291
1031,0,313,0,5,1,12,0,0,0|0,0|3292
1032,0,313,0,5,1,12,0,0,0|0,0|3293
1033,0,313,0,5,1,12,0,0,0|0,0|3294
1034,0,313,0,5,1,12,0,0,0|0,0|3295
1035,0,313,0,5,1,18,0,0,0|0,0|3915
1036,0,313,0,5,1,18,0,0,0|0,0|3916
1037,0,313,0,5,1,18,0,0,0|0,0|3917
1038,0,313,0,5,1,18,0,0,0|0,0|3918
1039,0,313,0,5,1,18,0,0,0|0,0|3919
1041,6,313,0,5,1,30,0,0,0|0,0|3301
1042,6,313,0,5,1,30,0,0,0|0,0|3302
1043,6,313,0,5,1,30,0,0,0|0,0|3303
1044,6,313,0,5,1,30,0,0,0|0,0|3304
1045,6,313,0,5,1,30,0,0,0|0,0|3305
1046,6,313,0,5,1,30,0,0,0|0,0|3306
1055,0,313,930,5,41,33,0,0,0|0,0|2827
1056,6,321,0,0,1,7,0,0,0|0,96|1440
1057,6,321,0,0,1,8,0,0,0|0,96|1440
1080,0,322,100,1,5,50,0,0,0|0,0|2380
1081,0,322,100,1,5,50,0,0,0|0,0|2381
1082,0,322,100,1,5,50,0,0,0|0,0|2382
1083,6,322,0,1,1,75,0,0,0|0,1|1819
1084,6,322,0,1,1,75,0,0,0|0,1|1820
1085,6,322,0,1,1,75,0,0,0|0,1|1821
1086,6,322,0,1,1,75,0,0,0|0,1|1822
1087,6,322,0,1,1,75,0,0,0|0,1|1823
1091,6,314,0,0,1,100,0,0,0|0,0|5505
1092,6,314,0,0,1,100,0,0,0|0,0|5506
1093,6,314,0,0,1,100,0,0,0|0,0|5507
1094,6,314,0,0,1,100,0,0,0|0,0|5508
1095,6,314,0,0,1,100,0,0,0|0,0|5509
1096,6,314,0,0,1,100,0,0,0|0,0|5510
1100,6,314,0,0,1,100,0,0,0|0,0|2850
1101,6,314,0,0,1,100,0,0,0|0,0|2851
1102,6,314,0,0,1,100,0,0,0|0,0|2852
1103,6,314,0,0,1,100,0,0,0|0,0|2853
1104,6,314,0,0,1,100,0,0,0|0,0|2854
1110,0,322,100,1,5,40,5300,0,0|0,0|1910
1111,0,322,100,1,5,40,5301,0,0|0,0|1911
1112,0,322,100,1,5,40,5302,0,0|0,0|1912
1113,0,322,100,1,5,40,5303,0,0|0,0|1913
1114,0,322,100,1,5,40,5304,0,0|0,0|1914
1115,0,322,100,1,5,40,5305,0,0|0,0|1915
1116,0,322,100,1,5,40,5306,0,0|0,0|1916
1117,0,322,100,1,5,40,5307,0,0|0,0|1917
1118,0,322,100,1,5,40,5308,0,0|0,0|1918
1119,0,322,100,1,5,40,5309,0,0|0,0|1919
1120,0,322,100,1,5,40,5310,0,0|0,0|1920
1121,0,322,100,1,5,40,5311,0,0|0,0|1921
1122,0,322,100,1,5,40,5312,0,0|0,0|1922
1123,0,322,100,1,5,40,5313,0,0|0,0|1923
1130,0,322,100,1,5,40,5320,0,0|0,0|1930
1131,0,322,100,1,5,40,5321,0,0|0,0|1931
1132,0,322,100,1,5,40,5322,0,0|0,0|1932
1133,0,322,100,1,5,40,5323,0,0|0,0|1933
1134,0,322,100,1,5,40,5324,0,0|0,0|1934
1135,0,322,100,1,5,40,5325,0,0|0,0|1935
1136,0,322,100,1,5,40,5326,0,0|0,0|1936
1137,0,322,100,1,5,40,5327,0,0|0,0|1937
1138,0,322,100,1,5,40,5328,0,0|0,0|1938
1139,0,322,100,1,5,40,5329,0,0|0,0|1939
1140,0,322,100,1,5,40,5330,0,0|0,0|1940
1150,0,322,100,1,5,40,5340,0,0|0,0|1950
1151,0,322,100,1,5,40,5341,0,0|0,0|1951
1152,0,322,100,1,5,40,5342,0,0|0,0|1952
1153,0,322,100,1,5,40,5343,0,0|0,0|1953
1154,0,322,100,1,5,40,5344,0,0|0,0|1954
1155,0,322,100,1,5,40,5345,0,0|0,0|1955
1156,0,322,100,1,5,40,5346,0,0|0,0|1956
1160,0,322,100,1,5,40,5510,0,0|0,0|1958
1161,0,322,100,1,5,40,5511,0,0|0,0|1959
1162,0,322,100,1,5,40,5512,0,0|0,0|1960
1163,0,322,100,1,5,40,5513,0,0|0,0|1961
1164,0,322,100,1,5,40,5514,0,0|0,0|1962
1165,0,322,100,1,5,40,5515,0,0|0,0|1963
1166,0,322,100,1,5,40,5516,0,0|0,0|1964
1167,0,322,100,1,5,40,5517,0,0|0,0|1965
1168,0,322,100,1,5,40,5518,0,0|0,0|1966
1169,0,322,100,1,5,40,5519,0,0|0,0|1967
1170,0,322,100,1,5,40,5530,0,0|0,0|1968
1171,0,322,100,1,5,40,5531,0,0|0,0|1969
1172,0,322,100,1,5,40,5532,0,0|0,0|1970
1173,0,322,100,1,5,40,5533,0,0|0,0|1971
1174,0,322,100,1,5,40,5534,0,0|0,0|1972
1175,0,322,100,1,5,40,5535,0,0|0,0|1973
1176,0,322,100,1,5,40,5536,0,0|0,0|1974
1177,0,322,100,1,5,40,5537,0,0|0,0|1975
1178,0,322,100,1,5,40,5538,0,0|0,0|1976
1179,0,322,100,1,5,40,5539,0,0|0,0|1977
1183,2,322,120,5,1,40,0,0,0|0,0|0
1184,2,322,120,5,1,40,0,0,0|0,0|0
1185,2,322,120,5,1,40,0,0,0|0,0|0
1186,2,322,120,5,1,40,0,0,0|0,0|0
1187,2,322,160,5,1,40,0,0,0|0,0|0
1188,2,322,160,5,1,40,0,0,0|0,0|0
1189,2,322,160,5,1,40,0,0,0|0,0|0
1190,2,322,160,5,1,40,0,0,0|0,0|0
1191,2,322,200,5,1,40,0,0,0|0,0|0
1192,2,322,240,5,1,40,0,0,0|0,0|0
1193,2,322,240,5,1,40,0,0,0|0,0|0
1194,2,322,240,5,1,40,0,0,0|0,0|0
1195,2,322,240,5,1,40,0,0,0|0,0|0
1196,2,322,280,5,2,40,0,0,0|0,0|0
1197,2,322,280,5,2,40,0,0,0|0,0|0
1198,2,322,280,5,2,40,0,0,0|0,0|0
1199,2,322,280,5,2,40,0,0,0|0,0|0
1200,0,322,0,1,1,100,0,0,0|0,1|1850
1201,0,322,0,1,1,100,0,0,0|0,1|1851
1202,6,322,0,1,1,100,0,0,0|0,1|1852
1203,6,322,0,1,1,100,0,0,0|0,1|1853
1204,0,322,0,1,1,100,0,0,0|0,1|1854
1205,6,322,0,1,1,100,0,0,0|0,1|1855
1206,6,322,0,1,1,100,0,0,0|0,1|1856
1207,6,322,0,1,1,100,0,0,0|0,1|1857
1208,6,322,0,1,1,100,0,0,0|0,1|1858
1209,6,322,0,1,1,100,0,0,0|0,1|1859
1210,6,322,0,1,1,100,0,0,0|0,1|1860
1211,6,322,0,1,1,100,0,0,0|0,1|1861
1212,6,322,0,1,1,100,0,0,0|0,1|1862
1213,6,322,0,1,1,100,0,0,0|0,1|1863
1214,6,322,0,1,1,100,0,0,0|0,1|1864
1215,6,322,0,1,1,100,0,0,0|0,1|1865
1216,6,322,0,1,1,100,0,0,0|0,1|1866
1217,6,322,0,1,1,100,0,0,0|0,1|1867
1218,6,322,0,1,1,100,0,0,0|0,1|1868
1219,6,322,0,1,1,100,0,0,0|0,1|1869
1220,6,322,0,1,1,100,0,0,0|0,1|1870
1221,6,322,0,1,1,100,0,0,0|0,1|1871
1222,6,322,0,1,1,100,0,0,0|0,1|1872
1223,6,322,0,1,1,100,0,0,0|0,1|1873
1224,6,322,0,1,1,100,0,0,0|0,1|1874
1225,6,322,0,1,1,100,0,0,0|0,1|1875
1226,6,322,0,1,1,100,0,0,0|0,1|1876
1227,6,322,0,1,1,100,0,0,0|0,1|1877
1228,6,322,0,1,1,100,0,0,0|0,1|1878
1229,6,322,0,1,1,100,0,0,0|0,1|1879
1230,6,322,0,1,1,100,0,0,0|0,1|1880
1231,6,322,0,1,1,100,0,0,0|0,1|1881
1232,6,322,0,1,1,100,0,0,0|0,1|1882
1233,6,322,0,1,1,100,0,0,0|0,1|1883
1234,6,322,0,1,1,100,0,0,0|0,1|1884
1235,6,322,0,1,1,100,0,0,0|0,1|1885
1236,6,322,0,1,1,100,0,0,0|0,1|1886
1237,6,322,0,1,1,100,0,0,0|0,1|1887
1238,6,322,0,1,1,100,0,0,0|0,1|1888
1239,6,322,0,1,1,100,0,0,0|0,1|1889
1240,6,322,0,1,1,100,0,0,0|0,1|1890
1241,6,322,0,1,1,100,0,0,0|0,1|1891
1242,6,322,0,1,1,100,0,0,0|0,1|1892
1243,6,322,0,1,1,0,0,0,0|0,1|1893
1244,6,322,0,1,1,0,0,0,0|0,1|1894
1245,6,322,0,1,1,0,0,0,0|0,1|1895
1246,6,322,0,1,1,0,0,0,0|0,1|1896
1247,6,322,0,1,1,0,0,0,0|0,1|1897
1248,6,322,0,1,1,0,0,0,0|0,1|1898
1249,6,322,0,1,1,0,0,0,0|0,1|1899
1250,6,322,0,1,1,100,0,0,0|0,1|1843
1251,6,322,0,1,1,100,0,0,0|0,1|1844
1252,6,322,0,1,1,100,0,0,0|0,1|1845
1253,6,322,0,1,1,100,0,0,0|0,1|1846
1254,6,322,0,1,1,100,0,0,0|0,1|1847
1255,6,322,0,1,1,100,0,0,0|0,1|1848
1256,6,322,0,1,1,100,0,0,0|0,1|1849
1257,6,322,0,1,1,0,0,0,0|0,1|1906
1258,6,322,0,1,1,0,0,0,0|0,1|1907
1259,6,322,0,1,1,100,0,0,0|0,1|1908
1260,6,322,0,1,1,100,0,0,0|0,1|1909
1261,6,322,0,1,1,100,0,0,0|0,1|1841
1262,0,322,0,1,1,100,0,0,0|0,1|1842
1263,6,322,0,1,1,100,0,0,0|0,1|1840
1264,6,322,0,1,1,100,0,0,0|0,1|1839
1265,6,322,0,1,1,100,0,0,0|0,1|1838
1266,6,322,0,1,1,100,0,0,0|0,1|1837
1267,6,322,0,1,1,100,0,0,0|0,1|1836
1268,6,322,0,1,1,100,0,0,0|0,1|1835
1269,6,322,0,1,1,100,0,0,0|0,1|5100
1270,0,322,0,1,1,100,0,0,0|0,1|5101
1271,0,322,0,1,1,100,0,0,0|0,1|5102
1272,0,322,0,1,1,100,0,0,0|0,1|5103
1273,0,322,0,1,1,100,0,0,0|0,1|5104
1274,0,322,0,1,1,100,0,0,0|0,1|5105
1275,0,322,0,1,1,100,0,0,0|0,1|5106
1276,0,322,0,1,1,100,0,0,0|0,1|5107
1277,6,322,0,1,1,100,0,0,0|0,1|5108
1278,6,322,0,1,1,100,0,0,0|0,1|5109
1279,6,322,0,1,1,0,0,0,0|0,1|5110
1280,6,322,0,1,1,0,0,0,0|0,1|5111
1281,6,322,0,1,1,0,0,0,0|0,1|5112
1282,6,322,0,1,1,0,0,0,0|0,1|5113
1299,6,311,0,0,0,0,0,0,0|0,37|1
1300,0,321,0,0,1,2,0,0,0|0,134|6
1301,0,321,0,0,1,25,0,0,0|0,135|6
1302,0,321,0,0,1,1,0,0,0|0,136|6
1303,6,321,0,0,1,300,0,0,0|0,133|6
1304,6,321,0,0,1,3,0,0,0|0,134|6
1305,6,313,0,5,1,30,0,0,0|0,0|3310
1306,6,321,0,0,1,300,0,0,0|0,133|36
1307,6,321,0,0,1,100,0,0,0|0,137|6
1328,6,322,0,0,1,1,0,0,0|0,1|6000
1329,6,322,0,0,1,1,0,0,0|0,1|6001
1330,6,322,0,0,1,1,0,0,0|0,1|6002
1331,6,322,0,0,1,1,0,0,0|0,1|6003
1332,6,322,0,0,1,1,0,0,0|0,1|6004
1333,6,322,0,0,1,1,0,0,0|0,1|6005
1334,6,322,0,0,1,1,0,0,0|0,1|6006
1335,6,322,0,0,1,1,0,0,0|0,1|6007
1336,6,322,0,0,1,1,0,0,0|0,1|6008
1337,6,322,0,0,1,1,0,0,0|0,1|6009
1338,6,322,0,0,1,1,0,0,0|0,1|6010
1339,6,322,0,0,1,1,0,0,0|0,1|6011
1340,6,322,0,0,1,1,0,0,0|0,1|6012
1341,6,322,0,0,1,1,0,0,0|0,1|6013
1342,6,322,0,0,1,1,0,0,0|0,1|6014
1343,6,322,0,0,1,1,0,0,0|0,1|6015
1344,6,322,0,0,1,1,0,0,0|0,1|6016
1345,6,322,0,0,1,1,0,0,0|0,1|6017
1346,6,322,0,0,1,1,0,0,0|0,1|6018
1347,6,322,0,0,1,1,0,0,0|0,1|6019
1348,6,322,0,0,1,1,0,0,0|0,1|6020
1349,6,322,0,0,1,1,0,0,0|0,1|6021
1350,6,322,0,0,1,1,0,0,0|0,1|6022
1351,6,322,0,0,1,1,0,0,0|0,1|6023
1352,6,322,0,0,1,1,0,0,0|0,1|6024
1353,6,322,0,0,1,1,0,0,0|0,1|6025
1354,6,322,0,0,1,1,0,0,0|0,1|6026
1355,6,322,0,0,1,1,0,0,0|0,1|6027
1356,6,322,0,0,1,1,0,0,0|0,1|6028
1357,6,322,0,0,1,1,0,0,0|0,1|6029
1358,6,322,0,0,1,1,0,0,0|0,1|6030
1359,6,322,0,0,1,1,0,0,0|0,1|6031
1360,6,322,0,0,1,1,0,0,0|0,1|6032
1361,6,322,0,0,1,1,0,0,0|0,1|6033
1362,6,322,0,0,1,1,0,0,0|0,1|6034
1363,6,322,0,0,1,1,0,0,0|0,1|6035
1364,6,322,0,0,1,1,0,0,0|0,1|6036
1501,0,322,150,1,2,25,0,0,0|0,1|1812
1502,6,322,150,1,2,25,0,0,0|0,1|1811
1503,0,322,150,1,1,25,0,0,0|0,1|2385
1504,0,322,150,1,1,25,0,0,0|0,1|2386
1505,0,322,150,1,1,25,0,0,0|0,1|2387
1506,0,322,150,1,1,25,0,0,0|0,1|2388
1507,0,322,150,1,1,80,0,0,0|0,1|2389
1508,0,313,410,5,1,18,0,0,0|0,0|3128
1557,6,314,0,0,1,100,0,0,0|0,0|5557
1558,6,314,0,0,1,100,0,0,0|0,0|5558
1559,6,314,0,0,1,100,0,0,0|0,0|5559
1560,6,314,0,0,1,100,0,0,0|0,0|5560
1561,6,314,0,0,1,100,0,0,0|0,0|5561
1562,6,314,0,0,1,100,0,0,0|0,0|5562
1563,6,314,0,0,1,100,0,0,0|0,0|5563
1564,6,314,0,0,1,100,0,0,0|0,0|5564
